#pragma once

#include <array>
#include <cstddef>
#include <cstdint>

// GENERATED by tools/generators/gen_baremetal_ac4_fixture.py - do not edit by hand.
//
// The AC-4 bitstreams firmware/baremetal/ac4_probe.cpp decodes and the per-channel levels
// it checks them against (planning/ac4.md, D14a). Every stream is a committed one, read
// as it is (STREAMS in the generator names each); the expected levels are what this
// project's own decoder writes for it, so they are a REGRESSION reference (has this
// build moved?), not an independent oracle.
//
// RMS is stored scaled by 1e6 and rounded, as an integer: newlib-nano's printf has no
// floating-point support unless -u _printf_float is linked in, and a probe whose subject
// is footprint should not drag that in just to report a number.

namespace iclforge_probe {

inline constexpr int kAc4SampleRateHz = 48000;
inline constexpr int kAc4SamplesPerFrame = 2048;

// AC-4 2.0 from DEE, A-SPX, 192 kbit/s - libs/ac4/fuzz/seeds/fuzz_ac4_parse/ac4-20-music-192-3frames.ac4, 3709 bytes, 3 frames.
inline constexpr int kAc420MusicFrames = 3;
inline constexpr std::array<std::uint8_t, 3709> kAc420MusicStream{{
    0xac, 0x41, 0x04, 0x00, 0xbf, 0xbe, 0xfb, 0xc0, 0xc2, 0x01, 0xa2, 0x2d,
    0x6c, 0x7f, 0x58, 0x04, 0xb8, 0xb0, 0xc0, 0x70, 0xe5, 0x00, 0x80, 0x00,
    0x68, 0x9c, 0x58, 0x09, 0x61, 0x0b, 0x77, 0x0c, 0x03, 0xcb, 0x09, 0x52,
    0xd4, 0x00, 0x01, 0xbe, 0x2d, 0xae, 0x52, 0x0f, 0xac, 0x3f, 0x61, 0xfb,
    0xbe, 0x69, 0x31, 0x07, 0x5f, 0xc0, 0x3d, 0xfe, 0xbf, 0x78, 0xed, 0x95,
    0xfa, 0xff, 0x4f, 0xaf, 0xcd, 0x78, 0x55, 0x6d, 0x1a, 0x2a, 0x69, 0x38,
    0x55, 0x4e, 0x19, 0xc5, 0xea, 0x71, 0x9e, 0x1b, 0x53, 0x2f, 0x5c, 0xe0,
    0xaa, 0xbb, 0xc4, 0x69, 0x09, 0x54, 0x04, 0xaf, 0x2e, 0xa5, 0x79, 0xee,
    0x4d, 0x83, 0x50, 0xea, 0xa8, 0xd8, 0x15, 0x1a, 0x34, 0x2c, 0x35, 0xca,
    0x20, 0x71, 0xbf, 0xb1, 0xa0, 0x78, 0x24, 0x2e, 0x89, 0xf4, 0xda, 0xe2,
    0x31, 0xd0, 0xe6, 0x13, 0xe0, 0x5b, 0x0a, 0xb2, 0x9c, 0x83, 0x91, 0x6f,
    0x5f, 0xff, 0xff, 0xf9, 0xc8, 0xff, 0xba, 0x4d, 0x16, 0x78, 0xdc, 0x58,
    0x3e, 0xb0, 0xfd, 0x87, 0xee, 0xfb, 0xa2, 0x48, 0x0d, 0x4d, 0x5e, 0x8a,
    0xa6, 0x4f, 0x04, 0x78, 0x26, 0x57, 0x7d, 0x6a, 0xf7, 0x27, 0x1a, 0x68,
    0xd5, 0x2e, 0xe2, 0x6a, 0x64, 0xf3, 0xf5, 0x35, 0x5a, 0xda, 0x9a, 0x2c,
    0x49, 0xd1, 0x55, 0x77, 0x46, 0xaf, 0x4a, 0x65, 0x78, 0xb0, 0xeb, 0xc2,
    0x91, 0x5e, 0x6c, 0xea, 0xf2, 0xa1, 0x1e, 0x74, 0x09, 0x99, 0xc3, 0x0d,
    0x71, 0x0a, 0xb8, 0x43, 0x5c, 0x21, 0xae, 0x10, 0xd7, 0x08, 0x00, 0x5f,
    0x3c, 0x60, 0x00, 0xac, 0x02, 0xb0, 0x77, 0x82, 0xcc, 0x16, 0xe0, 0x5f,
    0x03, 0x58, 0x57, 0x8b, 0xb2, 0x4c, 0x93, 0xbf, 0x7e, 0xfd, 0xfb, 0xf7,
    0xef, 0xdf, 0x06, 0x06, 0x06, 0x06, 0x06, 0x06, 0x06, 0x06, 0x06, 0x06,
    0x06, 0x06, 0x06, 0x9b, 0x97, 0x8c, 0xd1, 0x24, 0xa1, 0x42, 0x1c, 0xa0,
    0xc0, 0x84, 0x80, 0xa0, 0x40, 0x40, 0x00, 0x00, 0x00, 0x00, 0x00, 0x00,
    0x00, 0x00, 0x00, 0x00, 0x00, 0x00, 0x00, 0x00, 0x00, 0x00, 0x00, 0x00,
    0x00, 0x00, 0x00, 0x00, 0x00, 0x00, 0x00, 0x00, 0x00, 0x00, 0x00, 0x00,
    0x00, 0x00, 0x00, 0x00, 0x00, 0x00, 0x00, 0x00, 0x00, 0x00, 0x00, 0x00,
    0x00, 0x00, 0x00, 0x00, 0x00, 0x00, 0x00, 0x00, 0x00, 0x00, 0x00, 0x00,
    0x00, 0x00, 0x00, 0x00, 0x00, 0x00, 0x00, 0x00, 0x00, 0x00, 0x00, 0x00,
    0x00, 0x00, 0x00, 0x00, 0x00, 0x00, 0x00, 0x00, 0x00, 0x00, 0x00, 0x00,
    0x00, 0x00, 0x00, 0x00, 0x00, 0x00, 0x00, 0x00, 0x00, 0x00, 0x00, 0x00,
    0x00, 0x00, 0x00, 0x00, 0x00, 0x00, 0x00, 0x00, 0x00, 0x00, 0x00, 0x00,
    0x00, 0x00, 0x00, 0x00, 0x00, 0x00, 0x00, 0x00, 0x00, 0x00, 0x00, 0x00,
    0x00, 0x00, 0x00, 0x00, 0x00, 0x00, 0x00, 0x00, 0x00, 0x00, 0x00, 0x00,
    0x00, 0x00, 0x00, 0x00, 0x00, 0x00, 0x00, 0x00, 0x00, 0x00, 0x00, 0x00,
    0x00, 0x00, 0x00, 0x00, 0x00, 0x00, 0x00, 0x00, 0x00, 0x00, 0x00, 0x00,
    0x00, 0x00, 0x00, 0x00, 0x00, 0x00, 0x00, 0x00, 0x00, 0x00, 0x00, 0x00,
    0x00, 0x00, 0x00, 0x00, 0x00, 0x00, 0x00, 0x00, 0x00, 0x00, 0x00, 0x00,
    0x00, 0x00, 0x00, 0x00, 0x00, 0x00, 0x00, 0x00, 0x00, 0x00, 0x00, 0x00,
    0x00, 0x00, 0x00, 0x00, 0x00, 0x00, 0x00, 0x00, 0x00, 0x00, 0x00, 0x00,
    0x00, 0x00, 0x00, 0x00, 0x00, 0x00, 0x00, 0x00, 0x00, 0x00, 0x00, 0x00,
    0x00, 0x00, 0x00, 0x00, 0x00, 0x00, 0x00, 0x00, 0x00, 0x00, 0x00, 0x00,
    0x00, 0x00, 0x00, 0x00, 0x00, 0x00, 0x00, 0x00, 0x00, 0x00, 0x00, 0x00,
    0x00, 0x00, 0x00, 0x00, 0x00, 0x00, 0x00, 0x00, 0x00, 0x00, 0x00, 0x00,
    0x00, 0x00, 0x00, 0x00, 0x00, 0x00, 0x00, 0x00, 0x00, 0x00, 0x00, 0x00,
    0x00, 0x00, 0x00, 0x00, 0x00, 0x00, 0x00, 0x00, 0x00, 0x00, 0x00, 0x00,
    0x00, 0x00, 0x00, 0x00, 0x00, 0x00, 0x00, 0x00, 0x00, 0x00, 0x00, 0x00,
    0x00, 0x00, 0x00, 0x00, 0x00, 0x00, 0x00, 0x00, 0x00, 0x00, 0x00, 0x00,
    0x00, 0x00, 0x00, 0x00, 0x00, 0x00, 0x00, 0x00, 0x00, 0x00, 0x00, 0x00,
    0x00, 0x00, 0x00, 0x00, 0x00, 0x00, 0x00, 0x00, 0x00, 0x00, 0x00, 0x00,
    0x00, 0x00, 0x00, 0x00, 0x00, 0x00, 0x00, 0x00, 0x00, 0x00, 0x00, 0x00,
    0x00, 0x00, 0x00, 0x00, 0x00, 0x00, 0x00, 0x00, 0x00, 0x00, 0x00, 0x00,
    0x00, 0x00, 0x00, 0x00, 0x00, 0x00, 0x00, 0x00, 0x00, 0x00, 0x00, 0x00,
    0x00, 0x00, 0x00, 0x00, 0x00, 0x00, 0x00, 0x00, 0x00, 0x00, 0x00, 0x00,
    0x00, 0x00, 0x00, 0x00, 0x00, 0x00, 0x00, 0x00, 0x00, 0x00, 0x00, 0x00,
    0x00, 0x00, 0x00, 0x00, 0x00, 0x00, 0x00, 0x00, 0x00, 0x00, 0x00, 0x00,
    0x00, 0x00, 0x00, 0x00, 0x00, 0x00, 0x00, 0x00, 0x00, 0x00, 0x00, 0x00,
    0x00, 0x00, 0x00, 0x00, 0x00, 0x00, 0x00, 0x00, 0x00, 0x00, 0x00, 0x00,
    0x00, 0x00, 0x00, 0x00, 0x00, 0x00, 0x00, 0x00, 0x00, 0x00, 0x00, 0x00,
    0x00, 0x00, 0x00, 0x00, 0x00, 0x00, 0x00, 0x00, 0x00, 0x00, 0x00, 0x00,
    0x00, 0x00, 0x00, 0x00, 0x00, 0x00, 0x00, 0x00, 0x00, 0x00, 0x00, 0x00,
    0x00, 0x00, 0x00, 0x00, 0x00, 0x00, 0x00, 0x00, 0x00, 0x00, 0x00, 0x00,
    0x00, 0x00, 0x00, 0x00, 0x00, 0x00, 0x00, 0x00, 0x00, 0x00, 0x00, 0x00,
    0x00, 0x00, 0x00, 0x00, 0x00, 0x00, 0x00, 0x00, 0x00, 0x00, 0x00, 0x00,
    0x00, 0x00, 0x00, 0x00, 0x00, 0x00, 0x00, 0x00, 0x00, 0x00, 0x00, 0x00,
    0x00, 0x00, 0x00, 0x00, 0x00, 0x00, 0x00, 0x00, 0x00, 0x00, 0x00, 0x00,
    0x00, 0x00, 0x00, 0x00, 0x00, 0x00, 0x00, 0x00, 0x00, 0x00, 0x00, 0x00,
    0x00, 0x00, 0x00, 0x00, 0x00, 0x00, 0x00, 0x00, 0x00, 0x00, 0x00, 0x00,
    0x00, 0x00, 0x00, 0x00, 0x00, 0x00, 0x00, 0x00, 0x00, 0x00, 0x00, 0x00,
    0x00, 0x00, 0x00, 0x00, 0x00, 0x00, 0x00, 0x00, 0x00, 0x00, 0x00, 0x00,
    0x00, 0x00, 0x00, 0x00, 0x00, 0x00, 0x00, 0x00, 0x00, 0x00, 0x00, 0x00,
    0x00, 0x00, 0x00, 0x00, 0x00, 0x00, 0x00, 0x00, 0x00, 0x00, 0x00, 0x00,
    0x00, 0x00, 0x00, 0x00, 0x00, 0x00, 0x00, 0x00, 0x00, 0x00, 0x00, 0x00,
    0x00, 0x00, 0x00, 0x00, 0x00, 0x00, 0x00, 0x00, 0x00, 0x00, 0x00, 0x00,
    0x00, 0x00, 0x00, 0x00, 0x00, 0x00, 0x00, 0x00, 0x00, 0x00, 0x00, 0x00,
    0x00, 0x00, 0x00, 0x00, 0x00, 0x00, 0x00, 0x00, 0x00, 0x00, 0x00, 0x00,
    0x00, 0x00, 0x00, 0x00, 0x00, 0x00, 0x00, 0x00, 0x00, 0x00, 0x00, 0x00,
    0x00, 0x00, 0x00, 0x00, 0x00, 0x00, 0x00, 0x00, 0x00, 0x00, 0x00, 0x00,
    0x00, 0x00, 0x00, 0x00, 0x00, 0x00, 0x00, 0x00, 0x00, 0x00, 0x00, 0x00,
    0x00, 0x00, 0x00, 0x00, 0x00, 0x00, 0x00, 0x00, 0x00, 0x00, 0x00, 0x00,
    0x00, 0x00, 0x00, 0x00, 0x00, 0x00, 0x00, 0x00, 0x00, 0x00, 0x00, 0x00,
    0x00, 0x00, 0x00, 0x00, 0x00, 0x00, 0x00, 0x00, 0x00, 0x00, 0x00, 0x00,
    0x00, 0x00, 0x00, 0x00, 0x00, 0x00, 0x00, 0x00, 0x00, 0x00, 0x00, 0x00,
    0x00, 0x00, 0x00, 0x00, 0x00, 0x00, 0x00, 0x00, 0x00, 0x00, 0x00, 0x00,
    0x00, 0x00, 0x00, 0x00, 0x00, 0x00, 0x00, 0x00, 0x00, 0x00, 0x00, 0x00,
    0x00, 0x00, 0x00, 0x00, 0x00, 0x00, 0x00, 0x00, 0x00, 0x00, 0x00, 0x00,
    0x00, 0x00, 0x00, 0x00, 0x00, 0x00, 0x00, 0x00, 0xb2, 0xfc, 0xac, 0x41,
    0x05, 0x83, 0xbf, 0xce, 0xfb, 0xc0, 0xc2, 0x01, 0xa3, 0xb2, 0xd3, 0x22,
    0xec, 0x04, 0xb8, 0xb0, 0xc0, 0x75, 0x5c, 0x40, 0x10, 0x00, 0x68, 0x9c,
    0x58, 0x09, 0x61, 0x0b, 0x77, 0x0c, 0x03, 0xcb, 0x09, 0x52, 0xd4, 0x00,
    0x0a, 0xac, 0x27, 0x95, 0x66, 0xbf, 0xa8, 0x90, 0x01, 0x7f, 0x08, 0x05,
    0x7e, 0xd0, 0x30, 0x0a, 0xfb, 0x40, 0xb0, 0x40, 0x10, 0x00, 0x82, 0xf2,
    0xa5, 0x33, 0x0b, 0x53, 0x01, 0x20, 0xe0, 0x44, 0xad, 0x4e, 0x35, 0x64,
    0x04, 0xd3, 0x64, 0x6a, 0xdc, 0x6d, 0x7e, 0x11, 0xc1, 0xaa, 0x6d, 0xf4,
    0xd5, 0x01, 0x6a, 0xb1, 0x67, 0x1d, 0x9b, 0x95, 0x55, 0x0e, 0xb7, 0x0b,
    0xd7, 0x57, 0xd0, 0x66, 0xeb, 0xe9, 0xb3, 0x35, 0xb5, 0x1a, 0x3a, 0x99,
    0xf3, 0x1c, 0x8c, 0x5d, 0x6c, 0x04, 0x5a, 0xc2, 0x05, 0x69, 0x70, 0x6b,
    0x41, 0x87, 0x5a, 0x41, 0xab, 0x48, 0x2d, 0x69, 0x0d, 0x17, 0xba, 0x91,
    0x30, 0xb5, 0xa1, 0x82, 0xb4, 0x73, 0xac, 0x52, 0xcc, 0x93, 0x41, 0x20,
    0x6d, 0x9a, 0x56, 0x22, 0x56, 0x82, 0xea, 0xc7, 0x75, 0x63, 0x1a, 0xb3,
    0x06, 0x69, 0x90, 0x6e, 0x80, 0x01, 0xf5, 0x61, 0x08, 0xf3, 0x0c, 0xf3,
    0x08, 0xef, 0x04, 0xef, 0x00, 0x04, 0x63, 0x84, 0x33, 0x84, 0x10, 0x05,
    0x82, 0x14, 0x02, 0x12, 0x38, 0x8e, 0x24, 0x91, 0xc8, 0xe4, 0x72, 0x39,
    0x1c, 0x8e, 0x47, 0x12, 0x44, 0x91, 0x24, 0x49, 0x12, 0x44, 0x91, 0x24,
    0x49, 0x12, 0x44, 0x91, 0x22, 0x44, 0x89, 0x12, 0x24, 0x02, 0x3d, 0x6c,
    0xd3, 0xeb, 0xea, 0xa8, 0x55, 0x55, 0x95, 0x3d, 0x07, 0x68, 0xe3, 0xc2,
    0xb5, 0x75, 0xa0, 0xd3, 0xca, 0x5a, 0x2e, 0x01, 0x24, 0x95, 0x0a, 0x38,
    0x04, 0x6a, 0xe8, 0x44, 0x10, 0xaf, 0x80, 0x27, 0x56, 0x0d, 0x23, 0xbd,
    0x04, 0x02, 0xe5, 0x79, 0x27, 0x09, 0x6b, 0x49, 0x01, 0x48, 0x19, 0x24,
    0x80, 0x07, 0x8a, 0xc9, 0x83, 0x9c, 0x5e, 0x8e, 0x19, 0x00, 0xf2, 0x4f,
    0x10, 0xc3, 0x97, 0x09, 0xe2, 0x29, 0xdb, 0x9a, 0xb2, 0xe4, 0x67, 0x1b,
    0x4d, 0xe6, 0x23, 0x0d, 0xb1, 0x86, 0x20, 0x79, 0xa4, 0x0d, 0x59, 0xca,
    0xad, 0xfc, 0x0c, 0x28, 0xad, 0x00, 0x4e, 0x2e, 0x21, 0x36, 0xa0, 0x32,
    0x05, 0x36, 0x8a, 0xae, 0x80, 0xac, 0xc4, 0x53, 0x06, 0x0a, 0x30, 0x4c,
    0x24, 0xd1, 0xc6, 0xbd, 0x81, 0x34, 0xad, 0x87, 0x80, 0x02, 0x98, 0x6d,
    0x83, 0x2c, 0xe7, 0xad, 0x82, 0xb9, 0xa4, 0xc9, 0x94, 0x59, 0xce, 0x50,
    0x03, 0xd0, 0xcc, 0x82, 0x01, 0x70, 0x52, 0x22, 0xa1, 0x50, 0x05, 0x68,
    0x35, 0x23, 0xc7, 0x42, 0x86, 0xb0, 0x18, 0x63, 0x14, 0x40, 0x95, 0x2b,
    0x65, 0xcc, 0xa1, 0x81, 0x48, 0x30, 0xd6, 0x00, 0x9d, 0x61, 0x85, 0x28,
    0x8f, 0x09, 0x19, 0xaf, 0x91, 0x01, 0x84, 0x24, 0x41, 0x0f, 0x51, 0xc9,
    0x08, 0x14, 0xc8, 0x09, 0x92, 0x22, 0xaa, 0x4f, 0x0a, 0xc8, 0x09, 0x80,
    0xba, 0xbd, 0x15, 0xd1, 0x94, 0x66, 0x48, 0xbc, 0x97, 0xe3, 0x06, 0xb5,
    0x19, 0x30, 0x41, 0xc5, 0x04, 0x63, 0xc0, 0x7d, 0xba, 0x2a, 0x7b, 0x6c,
    0xdb, 0x31, 0xec, 0xa9, 0x0a, 0x4e, 0x6a, 0x68, 0xd9, 0xf6, 0x9a, 0xdc,
    0x4d, 0x3d, 0x7c, 0x5d, 0x0f, 0x13, 0xda, 0xb0, 0x49, 0x9f, 0x9f, 0x21,
    0xe4, 0x4e, 0x1f, 0xf9, 0xb7, 0x08, 0xab, 0x24, 0x15, 0x8a, 0x6a, 0x47,
    0x18, 0x6a, 0x75, 0x2a, 0xc8, 0x21, 0xdb, 0x62, 0xc3, 0x1a, 0xbc, 0xb8,
    0x87, 0x34, 0xa0, 0x10, 0x99, 0x1a, 0x15, 0x8a, 0xa0, 0x2b, 0x16, 0xaa,
    0x20, 0x75, 0x1c, 0x09, 0xba, 0xca, 0x12, 0x38, 0xbd, 0x28, 0x55, 0x45,
    0x64, 0xbd, 0x94, 0x79, 0x61, 0xce, 0x12, 0x01, 0x5c, 0x78, 0x80, 0xac,
    0x19, 0xc0, 0xae, 0x01, 0x58, 0x79, 0x84, 0x57, 0x80, 0xa4, 0xf3, 0x47,
    0x8d, 0x4a, 0xd2, 0x36, 0xd8, 0x84, 0x07, 0x29, 0x6c, 0x22, 0xc5, 0x9d,
    0x24, 0x40, 0xd2, 0x09, 0x49, 0x3a, 0x13, 0xe6, 0x82, 0x4c, 0x03, 0x4d,
    0x18, 0x20, 0x80, 0x1e, 0x9f, 0x41, 0x4c, 0x53, 0x8e, 0xb9, 0x4f, 0x12,
    0x0e, 0xa1, 0xdb, 0x05, 0x01, 0xa0, 0x7a, 0x1c, 0xa7, 0x02, 0x52, 0xd2,
    0xd2, 0x8a, 0x55, 0xc5, 0x4d, 0xb6, 0x06, 0x03, 0x78, 0x31, 0xae, 0x50,
    0x33, 0x1f, 0x88, 0x40, 0x95, 0x27, 0x69, 0x1d, 0x3a, 0xc7, 0x13, 0xf3,
    0x16, 0x08, 0xf0, 0x46, 0x15, 0x90, 0x38, 0xcb, 0x29, 0x90, 0x00, 0xd1,
    0x0c, 0x80, 0x09, 0x80, 0x1e, 0xb5, 0x0e, 0xd2, 0x85, 0x14, 0x1d, 0xe5,
    0xe4, 0x23, 0xc4, 0x62, 0xba, 0x12, 0x93, 0x70, 0x85, 0x04, 0x43, 0x9f,
    0x45, 0x18, 0x0c, 0xa1, 0x6a, 0x75, 0xce, 0x64, 0xc2, 0x62, 0x4a, 0xa9,
    0x38, 0x43, 0xe7, 0xee, 0x48, 0xc7, 0x51, 0x42, 0x26, 0x63, 0x4a, 0x8a,
    0x89, 0x4d, 0x38, 0x48, 0xd3, 0xb0, 0xbc, 0x1e, 0xee, 0x44, 0xf8, 0xca,
    0x0a, 0x6b, 0xa9, 0x45, 0x65, 0xa9, 0x20, 0x08, 0xa9, 0xae, 0x05, 0xf0,
    0x87, 0x63, 0x44, 0xb8, 0xc5, 0x39, 0x2f, 0x07, 0xd8, 0x54, 0x83, 0x28,
    0xc6, 0x16, 0x25, 0x34, 0x63, 0x26, 0x68, 0x1d, 0xc4, 0xf4, 0x43, 0xcf,
    0xa8, 0x00, 0x8c, 0x99, 0x33, 0x39, 0xa0, 0x61, 0xcd, 0x29, 0xe4, 0x9b,
    0x71, 0x66, 0x0a, 0xaa, 0xad, 0x29, 0x42, 0x60, 0x61, 0x02, 0x34, 0xa6,
    0x5c, 0x31, 0x38, 0x52, 0x1b, 0x60, 0xc6, 0xba, 0x1a, 0x6a, 0xac, 0x24,
    0x84, 0xdf, 0xd9, 0x47, 0xf2, 0x0d, 0x26, 0xc4, 0x82, 0x19, 0xf3, 0x32,
    0xe9, 0x90, 0x43, 0x1c, 0x48, 0x84, 0x26, 0x5a, 0x02, 0x2a, 0x77, 0x72,
    0x91, 0x14, 0x00, 0x4c, 0x0e, 0xb6, 0xcb, 0x2d, 0x16, 0x4d, 0xbf, 0xee,
    0x00, 0x7c, 0x2d, 0x9c, 0x42, 0x91, 0x32, 0x48, 0xb8, 0x33, 0x0d, 0xc1,
    0xe5, 0xac, 0x24, 0xc0, 0xaf, 0xeb, 0x01, 0xce, 0x70, 0x2c, 0x07, 0x43,
    0xa1, 0x60, 0xe1, 0x9b, 0x31, 0x84, 0x84, 0x02, 0xe9, 0xf2, 0x14, 0xce,
    0x98, 0x82, 0x66, 0x62, 0x73, 0x0e, 0x91, 0x5a, 0xfb, 0x84, 0x44, 0x0d,
    0xca, 0xb0, 0x84, 0x02, 0xbe, 0x29, 0xc1, 0x10, 0x0a, 0xef, 0x42, 0xb0,
    0xd0, 0xa0, 0x06, 0x00, 0x41, 0x74, 0x05, 0x09, 0xe3, 0x09, 0x89, 0x49,
    0x02, 0x0c, 0xaa, 0xe3, 0x42, 0x6c, 0x2a, 0x81, 0xcd, 0x55, 0xe2, 0xd4,
    0x4d, 0xde, 0x51, 0x70, 0xb3, 0x52, 0x1c, 0xe3, 0x20, 0xea, 0x9a, 0x56,
    0x24, 0xe7, 0x42, 0x8d, 0x5a, 0x79, 0x6a, 0xb8, 0xca, 0xa8, 0x06, 0x06,
    0x15, 0x55, 0x86, 0xf4, 0x0f, 0x23, 0x9e, 0x16, 0x93, 0x91, 0x56, 0x21,
    0xc8, 0xa8, 0x46, 0x02, 0x32, 0x80, 0x1e, 0x32, 0xe2, 0x44, 0xa1, 0x4b,
    0xa3, 0xf5, 0x06, 0x4e, 0xb6, 0xb8, 0xa1, 0x55, 0xfd, 0xeb, 0x19, 0x70,
    0x91, 0x22, 0x44, 0x89, 0x12, 0x24, 0x4a, 0x38, 0x90, 0x25, 0x6d, 0xe8,
    0xd8, 0x35, 0x3d, 0x00, 0x30, 0x34, 0x02, 0x56, 0x64, 0x29, 0x81, 0xf4,
    0x17, 0x00, 0x2d, 0xd6, 0xdb, 0x3d, 0xa3, 0xa3, 0x72, 0x6c, 0xc1, 0x48,
    0x78, 0xae, 0x49, 0x26, 0x8b, 0x3a, 0x8e, 0xe7, 0xf2, 0x0f, 0x2f, 0x0f,
    0x37, 0xbd, 0xef, 0xdd, 0xf9, 0xbf, 0x90, 0x65, 0xfb, 0x34, 0x18, 0x21,
    0x49, 0x93, 0xb4, 0xbb, 0xe0, 0x39, 0x98, 0x42, 0x06, 0x09, 0xc5, 0x0c,
    0xb6, 0x87, 0xe8, 0xb4, 0x05, 0x02, 0x1e, 0xa6, 0x4c, 0x27, 0x31, 0x06,
    0x4c, 0xab, 0x0b, 0x41, 0x32, 0x43, 0x05, 0x41, 0x6d, 0x10, 0x42, 0x92,
    0x24, 0x5c, 0x44, 0x0e, 0x28, 0x7f, 0x37, 0xd8, 0xe2, 0xae, 0x7d, 0xe8,
    0x80, 0x8c, 0x92, 0x1d, 0x09, 0x06, 0x4d, 0x91, 0x5e, 0x8a, 0xc2, 0x68,
    0xa1, 0xe8, 0x5a, 0x99, 0x91, 0x68, 0x19, 0xd5, 0x4d, 0x0f, 0x09, 0x9d,
    0x08, 0xdf, 0x3f, 0xb0, 0xd8, 0xf2, 0xf1, 0x47, 0x57, 0xd0, 0x55, 0x80,
    0xa0, 0xe6, 0x4d, 0xdd, 0xb0, 0x44, 0xa1, 0x4e, 0x93, 0x1b, 0xf0, 0x62,
    0x68, 0x1c, 0x31, 0x6f, 0x81, 0x5d, 0x40, 0x9f, 0xba, 0x3c, 0x67, 0xc2,
    0x89, 0xd7, 0x08, 0xdb, 0xb1, 0x39, 0x4f, 0xbb, 0x0b, 0xca, 0xdd, 0x0d,
    0x1f, 0xef, 0x4f, 0xa2, 0xe7, 0x73, 0x35, 0x5f, 0x92, 0x35, 0x3d, 0x6b,
    0x80, 0x43, 0x61, 0x16, 0x00, 0xc4, 0x02, 0x5f, 0x21, 0x07, 0x7c, 0xf1,
    0x6c, 0x24, 0xbe, 0x82, 0x72, 0xc2, 0x80, 0x90, 0x6e, 0xb5, 0x58, 0x68,
    0x00, 0xf5, 0xab, 0x00, 0x0d, 0x55, 0x24, 0xb2, 0x12, 0x6e, 0xe4, 0x8c,
    0x60, 0xb7, 0x29, 0x69, 0x6b, 0xd4, 0xf9, 0x29, 0xa5, 0x52, 0x08, 0xa7,
    0x31, 0x87, 0x13, 0x54, 0x97, 0x83, 0x1a, 0x21, 0x1f, 0x67, 0x71, 0xa4,
    0x60, 0x55, 0x49, 0x52, 0x73, 0x8a, 0x0e, 0x2f, 0x24, 0xc6, 0x43, 0x55,
    0x74, 0xf6, 0x0e, 0x22, 0xf1, 0x14, 0x51, 0x07, 0x2c, 0x03, 0xb9, 0xe2,
    0xd3, 0x44, 0x00, 0x6a, 0x9a, 0x94, 0x5b, 0xc5, 0x00, 0x16, 0xc1, 0x50,
    0x1b, 0x8b, 0x51, 0xc9, 0xe6, 0x47, 0xeb, 0x32, 0x20, 0xa2, 0xb2, 0x01,
    0xa0, 0x3f, 0x15, 0x04, 0x70, 0x61, 0x47, 0x6d, 0x37, 0x3b, 0xb6, 0x0b,
    0x67, 0x47, 0xc1, 0x29, 0x4f, 0xdb, 0x27, 0x63, 0x27, 0x06, 0xa4, 0x57,
    0x55, 0xda, 0x99, 0x26, 0xad, 0x7d, 0x60, 0xd9, 0x7c, 0xe7, 0x7c, 0x91,
    0x13, 0x78, 0x59, 0x7d, 0xe4, 0x7e, 0x9e, 0xd0, 0x07, 0x64, 0x86, 0x89,
    0xd8, 0x81, 0x17, 0xa0, 0x16, 0x04, 0x31, 0x48, 0x86, 0x55, 0x07, 0x7b,
    0x6d, 0x29, 0x1b, 0x93, 0xd6, 0x80, 0xf9, 0x65, 0x25, 0x60, 0xdc, 0x4a,
    0xe9, 0xc5, 0x08, 0xd9, 0xe5, 0xa1, 0x3e, 0xfd, 0x50, 0x4c, 0x0e, 0x83,
    0xb7, 0x42, 0x89, 0x08, 0x77, 0xe3, 0xaf, 0xaa, 0x57, 0x9d, 0x4d, 0x83,
    0xec, 0xea, 0xd4, 0xed, 0x32, 0x3b, 0x5c, 0x47, 0x59, 0x25, 0x3c, 0x89,
    0xfe, 0x37, 0x47, 0xd0, 0xd0, 0x25, 0xa1, 0xa3, 0xa7, 0x58, 0xef, 0xc9,
    0x1b, 0x59, 0xff, 0x5c, 0xc8, 0x31, 0xaf, 0x67, 0x29, 0xfa, 0x74, 0x89,
    0x13, 0xe0, 0x7e, 0x22, 0x48, 0x53, 0xc5, 0xc3, 0x81, 0x4b, 0xe2, 0x2c,
    0x54, 0x81, 0x1a, 0x10, 0x3c, 0xb1, 0x01, 0xb2, 0x40, 0x80, 0x1f, 0x87,
    0x66, 0xac, 0x18, 0x42, 0x66, 0x28, 0x50, 0x2a, 0x0a, 0x2f, 0xf3, 0x46,
    0xac, 0xc8, 0x41, 0x50, 0x1c, 0x1a, 0xad, 0x88, 0x22, 0x50, 0x2b, 0x00,
    0xa0, 0xc0, 0x84, 0x80, 0xa0, 0x40, 0x40, 0x00, 0x00, 0x0c, 0x62, 0xac,
    0x41, 0x04, 0xe8, 0x80, 0x1e, 0xfa, 0xc0, 0xc2, 0x00, 0x49, 0x40, 0x02,
    0xe0, 0xc2, 0x00, 0xd3, 0x49, 0x00, 0x00, 0x68, 0x9c, 0x00, 0x18, 0x00,
    0x40, 0x09, 0x9c, 0x2f, 0xad, 0x5f, 0xc2, 0x80, 0x04, 0x5f, 0x68, 0x16,
    0x15, 0x08, 0x1d, 0x54, 0x03, 0x58, 0x1a, 0x6a, 0xd3, 0x8e, 0x25, 0x25,
    0xe1, 0x55, 0x95, 0x70, 0xe0, 0x80, 0xdc, 0xce, 0xab, 0x1a, 0x05, 0x5c,
    0x94, 0x13, 0x94, 0x03, 0x42, 0x69, 0x64, 0x54, 0xc9, 0xc4, 0x3a, 0x80,
    0x90, 0x69, 0x29, 0x81, 0x5f, 0x3b, 0xa1, 0x59, 0x88, 0x5b, 0x95, 0x96,
    0x8a, 0x44, 0x3b, 0x8c, 0x84, 0x0a, 0xb8, 0xa8, 0x84, 0xd4, 0xb8, 0xfa,
    0x8d, 0x27, 0x48, 0xb1, 0x8e, 0x58, 0x84, 0xbc, 0x75, 0x1d, 0x54, 0x09,
    0xb2, 0x56, 0xb9, 0x8a, 0xab, 0x02, 0x76, 0xce, 0x09, 0x19, 0x70, 0x0c,
    0x09, 0x92, 0x28, 0x43, 0x9a, 0xb3, 0x6a, 0xc5, 0x44, 0xbc, 0x00, 0xe4,
    0x09, 0x37, 0x0a, 0xbc, 0xd2, 0xf3, 0x64, 0xec, 0x24, 0x8b, 0x96, 0xf1,
    0x4b, 0x00, 0xfe, 0xb2, 0x84, 0x1b, 0x23, 0x36, 0x81, 0x08, 0x22, 0x3a,
    0x0b, 0x22, 0xf4, 0x12, 0xb4, 0xb5, 0xc2, 0x0a, 0x85, 0x1c, 0x62, 0x8b,
    0xa1, 0x67, 0xae, 0x12, 0x83, 0x78, 0x17, 0xa9, 0xa8, 0x83, 0xa4, 0x51,
    0x4b, 0x19, 0x5b, 0x1a, 0xbc, 0x17, 0x3b, 0xa0, 0x52, 0x00, 0xb0, 0xb4,
    0x80, 0x1d, 0x66, 0x94, 0xc8, 0x83, 0x70, 0x3d, 0x41, 0xe6, 0x4f, 0x10,
    0x93, 0xa5, 0x84, 0x71, 0x20, 0x1d, 0x81, 0xf0, 0x96, 0x03, 0x62, 0xd2,
    0x06, 0x80, 0x1f, 0x5e, 0xe9, 0x98, 0xf4, 0xae, 0x10, 0x55, 0x61, 0x4e,
    0xf0, 0x93, 0xe5, 0x45, 0x1c, 0x1b, 0x52, 0xc0, 0x15, 0x88, 0x32, 0xb0,
    0x5d, 0x84, 0x89, 0x49, 0x6c, 0x54, 0x3a, 0x42, 0x3c, 0xe0, 0x73, 0x19,
    0xd1, 0x92, 0x4a, 0x81, 0xac, 0xb5, 0x84, 0x49, 0xdb, 0xcc, 0x24, 0x75,
    0xa6, 0x6e, 0x62, 0x2d, 0xc0, 0x00, 0xc9, 0x31, 0x22, 0xce, 0xc5, 0x08,
    0x19, 0x87, 0x28, 0x63, 0x2e, 0xa2, 0x29, 0x20, 0x9b, 0x03, 0x5c, 0x70,
    0x19, 0x4c, 0x21, 0x89, 0x16, 0x13, 0x38, 0x23, 0xa6, 0x98, 0x41, 0x9e,
    0x1b, 0x4a, 0xf0, 0x45, 0x2d, 0x79, 0x32, 0x2f, 0xa6, 0x58, 0xb8, 0x68,
    0x3d, 0x4a, 0x59, 0x3a, 0x39, 0x80, 0x4a, 0x60, 0xc8, 0x7c, 0xd7, 0x73,
    0x89, 0x1e, 0x25, 0x49, 0xc1, 0x44, 0x0f, 0xd2, 0x30, 0x6d, 0xf0, 0x35,
    0xb1, 0x58, 0xb2, 0xe3, 0x7a, 0x55, 0x00, 0x56, 0xd0, 0x24, 0xea, 0x92,
    0x52, 0xe7, 0x1b, 0x65, 0x60, 0xd1, 0xb0, 0x14, 0x3d, 0x2f, 0x09, 0x56,
    0x6f, 0x66, 0x15, 0xec, 0xff, 0x59, 0xb9, 0xc8, 0x46, 0xe6, 0xb5, 0xb9,
    0xe1, 0xcd, 0x01, 0x1c, 0x40, 0x89, 0x01, 0xd1, 0x84, 0x91, 0x04, 0x04,
    0x61, 0xcc, 0xe1, 0xc0, 0x3a, 0xd4, 0x2a, 0xd6, 0x86, 0xae, 0x1c, 0x80,
    0x54, 0x1d, 0x1a, 0xb8, 0x79, 0x4a, 0xc1, 0x5e, 0x60, 0x81, 0x0a, 0x61,
    0xbb, 0x32, 0x5c, 0x19, 0x29, 0xea, 0x19, 0x0d, 0x1d, 0xac, 0x25, 0x57,
    0xce, 0x24, 0x9c, 0x94, 0xa2, 0x34, 0x0c, 0x3c, 0x85, 0x60, 0x4a, 0xc3,
    0xb1, 0x6d, 0x12, 0x8c, 0x7d, 0x80, 0x54, 0x85, 0x86, 0xb3, 0xc1, 0x20,
    0x72, 0x8a, 0x6b, 0xab, 0x11, 0x02, 0x52, 0x47, 0x4d, 0xd3, 0x54, 0x12,
    0x38, 0x95, 0x95, 0xf2, 0x7a, 0x9a, 0x80, 0x3c, 0x4c, 0x68, 0x84, 0xaa,
    0xed, 0x91, 0xce, 0x0c, 0x73, 0x8a, 0x34, 0xbc, 0x5b, 0x92, 0xa1, 0x7c,
    0x75, 0x85, 0x61, 0xba, 0x3a, 0xda, 0x74, 0xc1, 0xdc, 0x0d, 0xe2, 0x5e,
    0x67, 0x4e, 0x08, 0x05, 0x5c, 0x4e, 0x05, 0x65, 0xea, 0x89, 0xe0, 0xc8,
    0x90, 0x13, 0x0e, 0x12, 0x54, 0xe3, 0x76, 0x8f, 0xa2, 0x3c, 0x3b, 0x4c,
    0xa8, 0xb5, 0x14, 0xb6, 0x00, 0xf4, 0x31, 0xad, 0x90, 0xeb, 0x43, 0x8a,
    0x70, 0x37, 0x82, 0xa0, 0xd2, 0x04, 0xd5, 0x88, 0x89, 0x9a, 0x6c, 0x8e,
    0x53, 0xe8, 0x79, 0x82, 0xb1, 0x19, 0xa4, 0x41, 0x34, 0xc6, 0x51, 0x8c,
    0x79, 0x6e, 0x15, 0x19, 0x25, 0xe6, 0x1c, 0x41, 0x0e, 0x37, 0xc6, 0x1b,
    0x22, 0x59, 0x12, 0x84, 0xa0, 0x55, 0x41, 0x80, 0x2e, 0x0a, 0x11, 0xfe,
    0x86, 0x3c, 0x0a, 0x8a, 0x2b, 0x14, 0xeb, 0xb4, 0x8a, 0x46, 0x6a, 0x82,
    0x83, 0x0c, 0x71, 0x3e, 0x25, 0x31, 0xbb, 0xbf, 0x35, 0xac, 0xb2, 0xa0,
    0x82, 0x98, 0x01, 0xbc, 0x1e, 0xe3, 0x4c, 0x6e, 0x40, 0xa8, 0xae, 0x24,
    0x18, 0xc4, 0x40, 0x52, 0xe1, 0x24, 0x22, 0xa0, 0x23, 0xb1, 0x6c, 0x21,
    0x2e, 0x29, 0x90, 0x07, 0x37, 0xa2, 0x7f, 0xf7, 0x92, 0x25, 0xd0, 0x32,
    0xd2, 0xee, 0x4e, 0xe9, 0x91, 0x4f, 0x3d, 0x0f, 0x3d, 0xde, 0x95, 0xb4,
    0x27, 0xc6, 0x9b, 0x40, 0xab, 0x6d, 0x26, 0xbb, 0x95, 0xa2, 0xeb, 0x48,
    0x23, 0xe0, 0x21, 0xd1, 0xd6, 0x91, 0x18, 0x6f, 0x38, 0xb1, 0x79, 0xfa,
    0x44, 0x5a, 0xf0, 0xf0, 0x61, 0x00, 0xe3, 0x96, 0x43, 0x3d, 0x4d, 0x29,
    0x0d, 0x4f, 0xff, 0xbc, 0x5d, 0x75, 0xfa, 0x62, 0x61, 0xe6, 0xe0, 0xe3,
    0x29, 0x13, 0x48, 0x4c, 0x0e, 0x0b, 0xaf, 0xbf, 0x21, 0x87, 0x9c, 0xa1,
    0xba, 0x88, 0x61, 0xaa, 0x04, 0x46, 0xba, 0x51, 0x6c, 0x14, 0x38, 0x00,
    0x80, 0x11, 0x77, 0xa3, 0xc0, 0x41, 0x10, 0x6d, 0x92, 0x88, 0x52, 0x2e,
    0xd7, 0x45, 0xd0, 0xae, 0x07, 0x41, 0x5b, 0x15, 0x32, 0xd9, 0x34, 0x8f,
    0xae, 0xc3, 0x73, 0x6b, 0x10, 0x49, 0xb8, 0x1d, 0x43, 0x32, 0x86, 0xb0,
    0xd8, 0xd1, 0x70, 0x9d, 0x41, 0xe4, 0x4d, 0x46, 0x91, 0xa6, 0xe4, 0x8b,
    0x6c, 0x50, 0x4d, 0x5a, 0xcc, 0x79, 0x8f, 0x22, 0xb8, 0x97, 0x16, 0xe3,
    0x42, 0xd9, 0x54, 0x62, 0xd8, 0xcc, 0x00, 0x5c, 0x89, 0x08, 0x72, 0x90,
    0xe1, 0xdc, 0x87, 0x07, 0xe3, 0x48, 0x65, 0x88, 0x32, 0xef, 0x56, 0x48,
    0xe0, 0x22, 0xa1, 0xc6, 0x90, 0x35, 0xcd, 0x91, 0xf4, 0x41, 0x01, 0x5c,
    0x00, 0x41, 0x55, 0x4a, 0x5c, 0x1b, 0xb4, 0x0f, 0x53, 0x18, 0x2e, 0xbc,
    0x8a, 0x92, 0x87, 0x72, 0x90, 0x02, 0xf3, 0xda, 0x74, 0x7e, 0xbe, 0x4a,
    0x41, 0xbf, 0xe2, 0x8a, 0x3e, 0x88, 0xe1, 0x3f, 0x40, 0x5d, 0xd9, 0x72,
    0x85, 0x51, 0xf2, 0xc2, 0x26, 0xc6, 0x0e, 0xdd, 0x3b, 0xda, 0x52, 0xd3,
    0x7c, 0xb0, 0xdf, 0xdf, 0xdb, 0x5b, 0xce, 0xec, 0x76, 0x81, 0x68, 0xf1,
    0x21, 0x73, 0xb3, 0x47, 0x69, 0x59, 0x76, 0xf4, 0xf8, 0xc9, 0xf1, 0x80,
    0x8e, 0x2c, 0x8c, 0xa6, 0x94, 0xb1, 0x78, 0x98, 0xe0, 0x60, 0x8a, 0x2a,
    0x0c, 0xbd, 0xba, 0x91, 0x98, 0xa8, 0x3d, 0x20, 0x1f, 0x10, 0x78, 0x1f,
    0x85, 0xa9, 0x05, 0xe4, 0x92, 0x31, 0xc2, 0x16, 0x16, 0xb8, 0xec, 0x16,
    0xd9, 0x9f, 0x8d, 0xf2, 0xb9, 0x37, 0xab, 0x33, 0xfd, 0x74, 0xff, 0x9b,
    0x76, 0x3a, 0x8a, 0x7b, 0xa7, 0x16, 0x9d, 0x00, 0x54, 0xdd, 0xa0, 0x83,
    0xca, 0x53, 0x9e, 0x72, 0x93, 0xc7, 0xd3, 0xc3, 0x20, 0xe2, 0x4b, 0x95,
    0x9f, 0x22, 0xdc, 0x3f, 0x20, 0x79, 0x00, 0x44, 0x7d, 0x98, 0x24, 0xc0,
    0x5e, 0x4a, 0x4f, 0x1b, 0xd3, 0xd1, 0x25, 0x0a, 0x27, 0x5b, 0x44, 0x03,
    0x8d, 0x12, 0xf6, 0x72, 0x9a, 0xc3, 0x45, 0xc8, 0x71, 0x01, 0x41, 0xba,
    0xd3, 0x1c, 0x82, 0x40, 0x06, 0x71, 0xac, 0x07, 0x24, 0x0c, 0x35, 0xf6,
    0x98, 0x6d, 0xd7, 0x8d, 0x24, 0xbb, 0xce, 0x04, 0xc9, 0x44, 0x9b, 0x3c,
    0x04, 0x20, 0x34, 0x92, 0xf8, 0xa5, 0x08, 0x6e, 0x4a, 0x51, 0xf3, 0x09,
    0x97, 0xaa, 0x02, 0x96, 0x1a, 0xe2, 0x26, 0x89, 0xb4, 0xe2, 0x87, 0xcb,
    0x14, 0x9f, 0xa2, 0xc5, 0x27, 0x92, 0x30, 0xe3, 0xc9, 0x31, 0xc2, 0x4c,
    0x1b, 0xec, 0xa7, 0x52, 0x84, 0x38, 0x0c, 0x69, 0xb6, 0x38, 0x49, 0x5d,
    0xe9, 0x4c, 0x43, 0xc6, 0x15, 0x8a, 0x62, 0x88, 0xdf, 0x60, 0x43, 0x83,
    0x61, 0x89, 0x13, 0x7f, 0x26, 0xa8, 0x2d, 0x9d, 0xc3, 0xf4, 0x65, 0x5d,
    0x21, 0xe4, 0x48, 0x57, 0xd1, 0x80, 0xcc, 0x00, 0x11, 0x71, 0x07, 0xda,
    0x76, 0x14, 0x5d, 0x1f, 0xc9, 0x99, 0x3f, 0xc2, 0x9d, 0xdb, 0x17, 0xe3,
    0x63, 0xb4, 0x85, 0xf0, 0x04, 0x72, 0x14, 0xe9, 0xaf, 0x9b, 0x45, 0x94,
    0xda, 0x16, 0x38, 0x56, 0xe5, 0x73, 0x77, 0xfa, 0x32, 0x21, 0x97, 0xbb,
    0x18, 0x1e, 0x54, 0xd5, 0x53, 0x27, 0x73, 0xcb, 0xec, 0x7d, 0x81, 0xb6,
    0x57, 0x85, 0x7a, 0x6e, 0x43, 0x81, 0xd8, 0xf6, 0x17, 0x41, 0xe0, 0x5a,
    0x01, 0x1f, 0x86, 0x8c, 0x04, 0x89, 0x3c, 0x3a, 0x51, 0x3f, 0x20, 0x9c,
    0x8b, 0x88, 0x34, 0x8e, 0x6c, 0x9a, 0xd1, 0x49, 0x1b, 0xab, 0x75, 0x01,
    0xfe, 0x83, 0x4c, 0x67, 0x46, 0xcc, 0xbc, 0xdc, 0x00, 0x79, 0x01, 0x7a,
    0x7e, 0x4b, 0x2d, 0x22, 0xee, 0xd0, 0xc6, 0x2d, 0x66, 0x06, 0xd0, 0x79,
    0xfd, 0x93, 0xa5, 0x72, 0x88, 0x8f, 0x5e, 0x67, 0x87, 0x78, 0xbf, 0x62,
    0x92, 0xec, 0x47, 0xf9, 0x18, 0x30, 0xb5, 0x7c, 0xc4, 0x5c, 0xb0, 0xe8,
    0x52, 0x10, 0x6c, 0xc8, 0x8d, 0x62, 0xac, 0x0f, 0x14, 0x7f, 0x07, 0x1f,
    0x21, 0xc4, 0xc4, 0xc1, 0x31, 0x9c, 0x81, 0xd6, 0x16, 0x00, 0x48, 0x55,
    0xe3,
}};
// Per-channel RMS x 1e6, in the decoder's own order
// (L R).
inline constexpr std::array<std::int32_t, 2> kAc420MusicRms{{
    13283, 18310
}};

// AC-4 2.0 constructed, A-CPL - testdata/ac4/constructed/2_0-acpl1-stereoproc.ac4, 2462 bytes, 4 frames.
inline constexpr int kAc420AcplFrames = 4;
inline constexpr std::array<std::uint8_t, 2462> kAc420AcplStream{{
    0xac, 0x41, 0x02, 0x61, 0x80, 0x08, 0xee, 0x60, 0x00, 0x00, 0x4b, 0x8b,
    0x08, 0x01, 0xa5, 0x20, 0x7c, 0x04, 0x00, 0x04, 0x9c, 0xb1, 0xfd, 0x0e,
    0x6b, 0x2d, 0x5d, 0x6a, 0xfb, 0x8f, 0xd8, 0x75, 0xbe, 0x04, 0x7a, 0x9e,
    0xaf, 0xbb, 0xfc, 0xbf, 0x5b, 0xe0, 0xe7, 0x93, 0x6a, 0xfb, 0x27, 0xba,
    0xd6, 0xf7, 0xd7, 0x6b, 0xab, 0xeb, 0x3e, 0x5f, 0x5b, 0xdd, 0x1c, 0xae,
    0xaf, 0xb8, 0x38, 0x95, 0x6f, 0x81, 0x3c, 0x3a, 0xaf, 0xb6, 0xb8, 0x05,
    0x4f, 0x80, 0x35, 0x6b, 0x70, 0x3a, 0x15, 0xbe, 0x0c, 0xfa, 0x3c, 0xef,
    0xfb, 0x80, 0x6b, 0xe4, 0x2a, 0xfb, 0x97, 0x05, 0x5b, 0xd4, 0x73, 0x2a,
    0xfc, 0x00, 0xc1, 0x56, 0xf2, 0xdd, 0x9a, 0xbf, 0x08, 0x75, 0xf5, 0xbd,
    0x37, 0xa6, 0xab, 0xf0, 0x73, 0x90, 0xd6, 0xf5, 0x97, 0x18, 0xab, 0xe6,
    0x4e, 0x23, 0x5b, 0xc5, 0x3c, 0x2e, 0xaf, 0xb8, 0xbc, 0x03, 0x5b, 0xd3,
    0xdd, 0xe2, 0xaf, 0x99, 0xfb, 0x85, 0x6f, 0x1d, 0x76, 0x8a, 0xbf, 0x04,
    0xbd, 0x61, 0x5b, 0xda, 0xde, 0xa4, 0xab, 0xea, 0x4f, 0x4c, 0xd6, 0xf3,
    0xcf, 0xa3, 0xaa, 0xfa, 0xe7, 0xdf, 0x15, 0xbd, 0x1f, 0xee, 0xca, 0xbe,
    0x6b, 0xf7, 0x05, 0x6f, 0x25, 0xfb, 0x56, 0xaf, 0x96, 0x3e, 0x05, 0x56,
    0xf1, 0xe7, 0xbf, 0xea, 0xf8, 0x8b, 0xde, 0x95, 0xbc, 0x19, 0xee, 0x9a,
    0xbe, 0x19, 0xf8, 0x45, 0x5b, 0xc0, 0x9f, 0x05, 0xea, 0xf7, 0x1f, 0x81,
    0xb5, 0xbb, 0x07, 0xc0, 0x3a, 0xbd, 0x43, 0xdf, 0x35, 0xba, 0x0f, 0xbc,
    0x2a, 0xf3, 0x4f, 0x73, 0xd6, 0xe4, 0xfe, 0xde, 0xab, 0xcc, 0xbe, 0x0b,
    0xd6, 0xe4, 0xdf, 0x03, 0x6a, 0xf1, 0xaf, 0x80, 0xb5, 0xb8, 0x87, 0xbf,
    0x2a, 0xf0, 0x7f, 0x7a, 0x56, 0xdf, 0x7b, 0xb2, 0xae, 0xd7, 0xdc, 0x95,
    0xb5, 0xbe, 0xdc, 0xab, 0xb4, 0xf8, 0x2d, 0x5b, 0x59, 0xf0, 0x3a, 0xae,
    0x97, 0xe0, 0x35, 0x6c, 0xef, 0xbf, 0xaa, 0xe5, 0xfd, 0xef, 0x5b, 0x21,
    0xee, 0xfa, 0xb8, 0xaf, 0x74, 0x56, 0xc2, 0xfb, 0x8a, 0xad, 0xff, 0x6d,
    0xd6, 0xb5, 0xed, 0x45, 0x54, 0x55, 0x48, 0x0c, 0x80, 0x88, 0x01, 0x20,
    0xc1, 0xc4, 0x0c, 0x33, 0x6e, 0xee, 0xba, 0xd5, 0xf7, 0xaf, 0xbd, 0xab,
    0x7b, 0xdb, 0xdf, 0x35, 0x7d, 0xf1, 0xef, 0xda, 0xde, 0xfb, 0xf8, 0x05,
    0x57, 0xdf, 0xff, 0x02, 0x2b, 0x7c, 0x04, 0xf8, 0x1f, 0x57, 0xe0, 0x57,
    0xc1, 0x6a, 0xdf, 0x03, 0xfe, 0x0e, 0x55, 0xf8, 0x25, 0xf0, 0x7a, 0xb7,
    0xc1, 0x0f, 0x83, 0x15, 0x7e, 0x01, 0x7c, 0x01, 0xad, 0xed, 0xdf, 0x63,
    0x55, 0xf7, 0xb7, 0xa4, 0x2b, 0xf4, 0x3e, 0xed, 0x5b, 0x6b, 0xd6, 0x2a,
    0xf9, 0x27, 0xe1, 0x0d, 0x6c, 0x4f, 0x0d, 0xab, 0xc8, 0xfe, 0x07, 0x56,
    0xc4, 0xe3, 0x6b, 0xfb, 0x77, 0xdf, 0x15, 0x7d, 0xe5, 0xf0, 0x6e, 0xb6,
    0x72, 0x05, 0x5f, 0x74, 0x78, 0x7e, 0xb7, 0x3a, 0xe0, 0x35, 0x71, 0xf5,
    0x8e, 0xb3, 0x2b, 0x71, 0x2f, 0x16, 0xd5, 0xf2, 0xff, 0xac, 0x2b, 0x7a,
    0x9f, 0xdb, 0xd5, 0x7d, 0x7d, 0xee, 0x9a, 0xde, 0xbe, 0xf7, 0x1d, 0x5f,
    0x59, 0xfb, 0x56, 0xb7, 0xa8, 0xfd, 0x85, 0x57, 0xd2, 0x3e, 0xae, 0xad,
    0xef, 0x0f, 0x82, 0x95, 0x7d, 0xb1, 0xef, 0xba, 0xde, 0xc1, 0xf7, 0x15,
    0x5f, 0x55, 0x7b, 0x2e, 0xb7, 0xb3, 0xbd, 0xe5, 0x57, 0xd6, 0xfe, 0xdb,
    0xad, 0xea, 0x2f, 0x62, 0xd5, 0xf4, 0x7f, 0xac, 0x6b, 0x7b, 0xb7, 0xe0,
    0xc5, 0x5f, 0x6b, 0xfc, 0x01, 0xad, 0xec, 0x2f, 0x76, 0x55, 0xf5, 0x77,
    0xb5, 0xeb, 0x7b, 0x57, 0xe0, 0x1d, 0x5f, 0x61, 0x7b, 0xbe, 0xb7, 0xac,
    0x3d, 0xb9, 0x57, 0xd3, 0xde, 0xca, 0xad, 0xec, 0x5f, 0x7b, 0x55, 0xf5,
    0xa7, 0xb9, 0x2b, 0x7a, 0x93, 0xda, 0x75, 0x7d, 0x29, 0xec, 0x3a, 0xde,
    0xbc, 0xf7, 0x85, 0x5f, 0x56, 0x7b, 0x82, 0xb7, 0xa7, 0x7d, 0xa1, 0x57,
    0xd1, 0xfe, 0xc1, 0xad, 0xeb, 0x7f, 0x77, 0xd5, 0xf5, 0x4f, 0xb8, 0x2b,
    0x7a, 0x6f, 0xda, 0x55, 0x7d, 0x1d, 0xec, 0x4a, 0xde, 0xb7, 0xf7, 0xa5,
    0x5f, 0x55, 0x7b, 0x9a, 0xb7, 0xa7, 0x7d, 0xb1, 0x57, 0xd2, 0x1e, 0xcb,
    0xad, 0xe8, 0x5f, 0x5f, 0x55, 0xf3, 0xcf, 0xac, 0xd4, 0x3e, 0x60, 0x58,
    0x08, 0x00, 0x62, 0x03, 0xa0, 0x25, 0x01, 0x3c, 0xd9, 0xb6, 0xdb, 0x00,
    0x00, 0x3e, 0x00, 0x00, 0x03, 0xbd, 0xf0, 0x2d, 0xc0, 0x00, 0x00, 0x00,
    0x20, 0x81, 0x3d, 0xac, 0x41, 0x02, 0x69, 0x80, 0x18, 0xea, 0x60, 0x00,
    0x00, 0x0b, 0x83, 0x08, 0x01, 0xa5, 0xa0, 0x7c, 0x04, 0x00, 0x04, 0xac,
    0x8d, 0x65, 0xab, 0xad, 0x4f, 0x0a, 0x6e, 0xeb, 0xfc, 0x0e, 0xf4, 0xe5,
    0x4f, 0x44, 0x79, 0x52, 0xbf, 0xbf, 0x3d, 0x9b, 0x53, 0xd5, 0x3e, 0x8c,
    0xaf, 0xf0, 0x07, 0xdc, 0xb5, 0x3d, 0x3b, 0xe8, 0xba, 0xfe, 0xe7, 0xf6,
    0x95, 0x4f, 0x59, 0xfa, 0x76, 0xbf, 0xb9, 0x3d, 0x67, 0x53, 0xb2, 0x71,
    0x1a, 0x9e, 0x2f, 0xf7, 0x29, 0xc7, 0xbb, 0x5e, 0xef, 0xbe, 0x6b, 0x7b,
    0xcf, 0x8d, 0x2d, 0xf9, 0x3a, 0x9e, 0xb4, 0xf8, 0x13, 0x5f, 0xce, 0xfe,
    0x16, 0xa9, 0xf0, 0x17, 0xcf, 0xd5, 0xfc, 0xb1, 0xe0, 0x5a, 0x9f, 0x04,
    0x3d, 0x2f, 0x5f, 0xd0, 0x7e, 0x2d, 0xa9, 0xee, 0xbf, 0x3f, 0xd7, 0xf3,
    0xd7, 0x89, 0xaa, 0x78, 0x9f, 0xb1, 0x57, 0xec, 0xfc, 0xba, 0xa7, 0xc0,
    0x3f, 0x3c, 0x57, 0xf4, 0xa7, 0x86, 0x6a, 0x78, 0xe7, 0xa4, 0xd7, 0xed,
    0xbc, 0x12, 0xa7, 0xba, 0x3a, 0x15, 0x6f, 0x24, 0x40, 0xab, 0xcc, 0xf9,
    0xd1, 0x5a, 0xf0, 0xbd, 0x7e, 0x53, 0xe8, 0xaa, 0x9e, 0x08, 0xf6, 0x1d,
    0x7f, 0x26, 0xfb, 0xbe, 0xa7, 0xa0, 0x7e, 0x08, 0x57, 0xf3, 0xb7, 0xb9,
    0xea, 0x7a, 0x4b, 0xdf, 0x35, 0xfd, 0x51, 0xf0, 0x1e, 0xa7, 0xae, 0x7e,
    0x08, 0xd7, 0xf4, 0x87, 0xb5, 0xea, 0x7a, 0x67, 0xdb, 0x95, 0xfd, 0x41,
    0xee, 0x0a, 0x9e, 0xa6, 0xf7, 0x15, 0x7f, 0x55, 0x7b, 0x8e, 0xa7, 0xab,
    0x7d, 0xc7, 0x5f, 0xd5, 0xde, 0xe2, 0xa9, 0xea, 0xff, 0x70, 0xd7, 0xf7,
    0x5f, 0xc2, 0x1a, 0x9e, 0xeb, 0xf8, 0x3f, 0x5f, 0xdd, 0x5f, 0x07, 0x2a,
    0x7b, 0xa3, 0xe0, 0xcd, 0x7f, 0x73, 0xfc, 0x15, 0xa9, 0xee, 0x4f, 0x82,
    0x35, 0xfd, 0xc5, 0xf0, 0x36, 0xa7, 0xb7, 0xfe, 0x04, 0xd7, 0xf6, 0xe7,
    0xc0, 0x5a, 0x9e, 0xd9, 0xf8, 0x03, 0x5f, 0xda, 0xbe, 0xfc, 0xa9, 0xed,
    0x2f, 0x7c, 0x57, 0xf6, 0x77, 0xbc, 0xea, 0x7b, 0x2f, 0xdd, 0xf5, 0xfd,
    0x8f, 0xee, 0xaa, 0x9e, 0xc4, 0xf7, 0x35, 0x7f, 0x60, 0x7b, 0x86, 0xa7,
    0xaf, 0x3d, 0xba, 0x98, 0x14, 0x63, 0x50, 0xa0, 0x10, 0x0c, 0x01, 0x30,
    0x70, 0x71, 0x01, 0x20, 0x96, 0x89, 0x7d, 0x75, 0xad, 0xef, 0x5f, 0x7b,
    0x55, 0xf7, 0xaf, 0xbe, 0x6b, 0x7b, 0xdf, 0xdf, 0xb5, 0x7d, 0xf5, 0xf0,
    0x0a, 0xb7, 0xbf, 0xbe, 0x04, 0xd5, 0xf8, 0x07, 0xf0, 0x42, 0xb7, 0xc0,
    0x9f, 0x82, 0xf5, 0x7e, 0x07, 0x7c, 0x1d, 0xad, 0xf0, 0x47, 0xe0, 0xfd,
    0x5f, 0x81, 0xdf, 0x06, 0x6b, 0x7c, 0x01, 0xf8, 0x05, 0x57, 0xdb, 0x9e,
    0xc7, 0xad, 0xef, 0x5f, 0x48, 0x54, 0xe8, 0xbd, 0xea, 0xae, 0x97, 0x9f,
    0xd6, 0xf0, 0xff, 0xb8, 0xaa, 0xe2, 0x78, 0x6d, 0x6e, 0x45, 0xf0, 0x46,
    0xae, 0x23, 0x1d, 0x53, 0xdb, 0x5e, 0xfb, 0xad, 0xee, 0xff, 0x83, 0xd5,
    0x73, 0x70, 0x2b, 0x7b, 0x97, 0xc4, 0x15, 0x79, 0xc7, 0x02, 0xad, 0x8f,
    0xac, 0x74, 0x59, 0x57, 0x87, 0xf8, 0xc2, 0xb7, 0x96, 0xbd, 0x69, 0x57,
    0xd4, 0x5e, 0xe3, 0xad, 0xeb, 0x9f, 0x77, 0x55, 0xf5, 0xcf, 0xb9, 0xeb,
    0x7a, 0xbf, 0xdb, 0x35, 0x7d, 0x3f, 0xec, 0x6a, 0xde, 0x8d, 0xf5, 0x95,
    0x5f, 0x75, 0xfc, 0x19, 0xad, 0xed, 0x3f, 0x7f, 0xd5, 0xf5, 0xe7, 0xb9,
    0xeb, 0x7a, 0x9b, 0xda, 0x15, 0x7d, 0x93, 0xef, 0x7a, 0xde, 0xb2, 0xf7,
    0x05, 0x5f, 0x4e, 0xfb, 0x2a, 0xb7, 0xa2, 0xbd, 0x6b, 0x57, 0xdc, 0xff,
    0x07, 0xab, 0x7b, 0x47, 0xe0, 0x3d, 0x5f, 0x5e, 0x7b, 0xc6, 0xb7, 0xaa,
    0x7d, 0xbb, 0x57, 0xd9, 0xff, 0x02, 0x6b, 0x7a, 0xf3, 0xde, 0x95, 0x7d,
    0x55, 0xee, 0x1a, 0xde, 0x99, 0xf6, 0x7d, 0x5f, 0x5f, 0xfb, 0xf2, 0xb7,
    0xab, 0xbd, 0xd5, 0x57, 0xd3, 0xde, 0xd9, 0xad, 0xe8, 0xef, 0x64, 0x55,
    0xf5, 0xaf, 0xbd, 0xab, 0x7a, 0x97, 0xdc, 0xd5, 0x7d, 0x2f, 0xed, 0x6a,
    0xde, 0x89, 0xf6, 0x3d, 0x5f, 0x58, 0x7b, 0xda, 0xb7, 0xa8, 0xbd, 0xcf,
    0x57, 0xd2, 0x9e, 0xd8, 0xad, 0xe8, 0x7f, 0x65, 0x55, 0xf5, 0x7f, 0xbe,
    0xeb, 0x7a, 0x8b, 0xdd, 0x95, 0x7d, 0x2b, 0xed, 0xfa, 0xde, 0x89, 0xf6,
    0x8d, 0x5f, 0x3f, 0x7b, 0x16, 0xb7, 0x9c, 0xbd, 0x72, 0xa1, 0xf3, 0x02,
    0xe0, 0x64, 0x06, 0x20, 0x3a, 0x02, 0x50, 0x13, 0xcd, 0x9b, 0x6d, 0xb0,
    0x00, 0x1f, 0x00, 0x00, 0x01, 0xde, 0xf8, 0x20, 0x20, 0x00, 0x00, 0x20,
    0x28, 0x4e, 0xac, 0x41, 0x02, 0x50, 0x80, 0x28, 0xea, 0x60, 0x00, 0x00,
    0x0b, 0x83, 0x08, 0x01, 0xa4, 0x10, 0x7c, 0x04, 0x00, 0x04, 0x7a, 0x8d,
    0x65, 0xab, 0xad, 0x6f, 0x57, 0x7b, 0x56, 0xaf, 0xa2, 0xfe, 0x00, 0xd6,
    0xf1, 0xff, 0xbb, 0xaa, 0xf8, 0x9b, 0xe1, 0x0d, 0x6e, 0xa1, 0xed, 0x3a,
    0xbc, 0xf7, 0xe0, 0x4d, 0x6e, 0x09, 0xec, 0x2a, 0xbb, 0x6f, 0x7d, 0x56,
    0xcd, 0x7b, 0xb2, 0xae, 0x3b, 0xdf, 0xd5, 0xa4, 0xf3, 0x7a, 0x98, 0xff,
    0x71, 0x21, 0x78, 0x02, 0xb7, 0xf0, 0x36, 0xb7, 0x49, 0xf8, 0x09, 0x5e,
    0x08, 0x2a, 0x45, 0xf7, 0x0d, 0x77, 0xf8, 0x12, 0xa4, 0xcf, 0x83, 0x0a,
    0x7f, 0x9d, 0xab, 0x49, 0xf8, 0x23, 0x56, 0xdf, 0xa5, 0xab, 0x6c, 0xfe,
    0x0e, 0x55, 0xdd, 0xfa, 0xda, 0xb6, 0xfb, 0xcd, 0x35, 0x78, 0x07, 0x8b,
    0xeb, 0x77, 0x6f, 0x76, 0x55, 0xee, 0x9e, 0xa7, 0xad, 0xdc, 0xbc, 0xdd,
    0x57, 0xb7, 0xf8, 0xfe, 0xb7, 0xb0, 0xfe, 0x0c, 0xd5, 0xf5, 0xe7, 0xb6,
    0xab, 0x7a, 0xd3, 0xd4, 0xb5, 0x7d, 0x5b, 0xe7, 0x7a, 0xdf, 0x08, 0xbd,
    0x69, 0x57, 0xe0, 0xc7, 0xa1, 0xeb, 0x7c, 0x0e, 0xf3, 0x05, 0x5f, 0x80,
    0x9e, 0x3d, 0xad, 0xef, 0xbf, 0x0f, 0xd5, 0xf7, 0x8f, 0x81, 0x2b, 0x7b,
    0xa3, 0xb5, 0xd5, 0xf6, 0xff, 0x55, 0xad, 0xf0, 0x63, 0xae, 0xd5, 0xf8,
    0x1f, 0xd2, 0x2b, 0x7c, 0x05, 0xe6, 0xd5, 0x7d, 0xf9, 0xc9, 0x6b, 0x7b,
    0xcf, 0x8a, 0xd5, 0xf7, 0x5f, 0x07, 0xad, 0xee, 0x3d, 0xd5, 0x5f, 0x6d,
    0xeb, 0xab, 0x7c, 0x14, 0xd8, 0x55, 0xf8, 0x17, 0xa4, 0xad, 0xf0, 0x0f,
    0x33, 0x57, 0xdf, 0x78, 0xea, 0xde, 0xf3, 0xc2, 0x55, 0xf7, 0x5d, 0xaa,
    0xde, 0xe3, 0xa3, 0x57, 0xdb, 0x92, 0x6b, 0x7c, 0x16, 0x89, 0x57, 0xe0,
    0x72, 0xeb, 0x7c, 0x07, 0x0a, 0xdb, 0xef, 0xf3, 0xa7, 0xef, 0x8a, 0x9e,
    0xf1, 0x1d, 0x7f, 0x75, 0x2a, 0xa7, 0xb9, 0x20, 0x57, 0xf6, 0xec, 0x5a,
    0x9e, 0xd7, 0x92, 0xaa, 0x8a, 0xa8, 0x14, 0x02, 0x00, 0x70, 0x10, 0x02,
    0x03, 0x10, 0x30, 0xce, 0xee, 0xeb, 0xad, 0x5f, 0x7a, 0xfb, 0xda, 0xb7,
    0xbd, 0x7d, 0xf3, 0x57, 0xde, 0xde, 0xfd, 0xad, 0xef, 0x9f, 0x80, 0x75,
    0x7d, 0xfb, 0xf0, 0x2a, 0xb7, 0xc0, 0x2f, 0x82, 0x35, 0x7e, 0x04, 0x7c,
    0x18, 0xad, 0xf0, 0x37, 0xe0, 0xf5, 0x5f, 0x81, 0xff, 0x08, 0x2b, 0x7c,
    0x0d, 0xf8, 0x35, 0x57, 0xdf, 0xff, 0x00, 0xeb, 0x7b, 0x6b, 0xd8, 0xf5,
    0x7d, 0xe9, 0xe9, 0x0a, 0xfd, 0x1f, 0xbf, 0xd6, 0xd2, 0x74, 0x1a, 0xbe,
    0x1c, 0xf7, 0x2d, 0x6c, 0x47, 0x0e, 0xab, 0xc8, 0x7e, 0x0a, 0x56, 0xc4,
    0x63, 0xab, 0xfb, 0x5b, 0xdf, 0xb5, 0x7d, 0xd9, 0xf0, 0x86, 0xb6, 0x6e,
    0x05, 0x5f, 0x70, 0xf8, 0x8a, 0xb7, 0x37, 0xe0, 0x55, 0x71, 0xd5, 0x8e,
    0x93, 0x2b, 0x70, 0xbf, 0x1a, 0x55, 0xf2, 0xb7, 0xae, 0x2b, 0x7a, 0x7b,
    0xdc, 0xf5, 0x7d, 0x69, 0xef, 0x2a, 0xde, 0xb5, 0xf7, 0x5d, 0x5f, 0x55,
    0x7b, 0x76, 0xb7, 0xa6, 0xfd, 0x95, 0x57, 0xd1, 0x3e, 0xb6, 0xad, 0xee,
    0x6f, 0x83, 0xd5, 0x7d, 0x9d, 0xf0, 0x12, 0xb7, 0xad, 0xfd, 0xd7, 0x57,
    0xd4, 0x3e, 0xd4, 0xad, 0xec, 0x3f, 0x7e, 0x55, 0xf5, 0x6f, 0xb9, 0x2b,
    0x7a, 0x63, 0xd9, 0xd5, 0x7d, 0x0b, 0xeb, 0x9a, 0xde, 0xa6, 0xf7, 0x0d,
    0x5f, 0x49, 0xfb, 0x32, 0xb7, 0xa0, 0x7d, 0x73, 0x57, 0xce, 0x1e, 0xa7,
    0xad, 0xec, 0x9f, 0x81, 0xd5, 0x7d, 0x6d, 0xef, 0xaa, 0xde, 0xa4, 0xf7,
    0x3d, 0x5f, 0x49, 0xfb, 0x52, 0xb7, 0xae, 0x3e, 0x01, 0x55, 0xf5, 0x3f,
    0xbc, 0x2b, 0x7a, 0x5f, 0xdb, 0xd5, 0x7d, 0x11, 0xec, 0xea, 0xde, 0xae,
    0xf7, 0xe5, 0x5f, 0x4f, 0xfb, 0xb2, 0xb7, 0xa4, 0x3d, 0xb9, 0x57, 0xd0,
    0x5e, 0xcd, 0xad, 0xea, 0x9f, 0x7e, 0x55, 0xf4, 0xdf, 0xbb, 0x6b, 0x7a,
    0x37, 0xdb, 0xd5, 0x7d, 0x01, 0xed, 0x0a, 0xde, 0xa8, 0xf8, 0x05, 0x57,
    0xd3, 0x7e, 0xf3, 0xad, 0xe8, 0xef, 0x72, 0xd5, 0xf4, 0x17, 0xb6, 0x2b,
    0x79, 0xdb, 0xd9, 0x75, 0x7c, 0xd7, 0xeb, 0xf5, 0x0f, 0x98, 0x17, 0x03,
    0x20, 0x31, 0x01, 0xd0, 0x12, 0x80, 0x9e, 0x6d, 0x9b, 0x6d, 0x80, 0x00,
    0xf8, 0x00, 0x00, 0x0e, 0xf7, 0xc1, 0x01, 0x00, 0x00, 0x20, 0x93, 0x5d,
    0xac, 0x41, 0x02, 0x6c, 0x80, 0x38, 0xea, 0x60, 0x00, 0x00, 0x0b, 0x83,
    0x08, 0x01, 0xa5, 0xd0, 0x7c, 0x04, 0x00, 0x04, 0xb2, 0x8d, 0x65, 0xab,
    0xad, 0x6f, 0x81, 0xbf, 0x04, 0xaa, 0xfc, 0x0e, 0xf8, 0x3b, 0x5b, 0xda,
    0xbe, 0xeb, 0xab, 0xee, 0x3f, 0x80, 0x55, 0xbd, 0x75, 0xed, 0xea, 0xbe,
    0xd2, 0xf8, 0x03, 0x5b, 0xd6, 0xde, 0xe8, 0xab, 0xed, 0x9f, 0x82, 0xb5,
    0xbd, 0x89, 0xef, 0xca, 0xbe, 0xe1, 0xf8, 0x13, 0x5b, 0xc0, 0xdd, 0x7e,
    0xb7, 0x5e, 0xf7, 0x51, 0xb9, 0xb7, 0x56, 0x87, 0xba, 0x2a, 0x7c, 0x01,
    0xe8, 0x2b, 0x8e, 0x5a, 0xb7, 0x99, 0x3e, 0x01, 0x55, 0xf1, 0xa7, 0x86,
    0x6b, 0x7b, 0xc3, 0xd8, 0xb5, 0x7c, 0xad, 0xe4, 0x2a, 0xde, 0xe3, 0xf6,
    0x85, 0x5f, 0x3b, 0xf9, 0xb6, 0xb7, 0xbf, 0x3d, 0xe9, 0x57, 0xd4, 0xfe,
    0xa2, 0xad, 0xe6, 0x8f, 0x32, 0xd5, 0xf1, 0xcf, 0x8d, 0xab, 0x7c, 0x10,
    0xf8, 0x19, 0x57, 0xdb, 0x3e, 0xd4, 0xad, 0xea, 0xcf, 0x53, 0x55, 0xf4,
    0x3f, 0xa0, 0x2b, 0x7c, 0x15, 0xf8, 0x13, 0x57, 0xdd, 0xde, 0xe2, 0xad,
    0xec, 0xef, 0x60, 0x55, 0xf5, 0x97, 0xa8, 0xeb, 0x7c, 0x12, 0xf7, 0xf5,
    0x5f, 0x7b, 0x7b, 0x86, 0xb7, 0xb7, 0x7d, 0x8f, 0x57, 0xd8, 0xfe, 0xb0,
    0xad, 0xef, 0x0f, 0x6a, 0x55, 0xf6, 0xdf, 0xaf, 0xeb, 0x7b, 0x23, 0xd5,
    0x95, 0x7d, 0x6f, 0xe9, 0xba, 0xde, 0xe2, 0xf6, 0x0d, 0x5f, 0x69, 0x7a,
    0xc6, 0xb7, 0xb0, 0xfd, 0x43, 0x57, 0xd6, 0xbe, 0x93, 0xad, 0xee, 0x2f,
    0x5e, 0x55, 0xf6, 0xa7, 0xab, 0xab, 0x7b, 0x1f, 0xd4, 0x35, 0x7d, 0x77,
    0xe9, 0x4a, 0xde, 0xeb, 0xf5, 0xfd, 0x5f, 0x6f, 0xfa, 0xce, 0xb7, 0xb4,
    0xfd, 0x4f, 0x57, 0xd9, 0x1e, 0x9c, 0xad, 0xef, 0xbf, 0x65, 0x55, 0xf7,
    0x7f, 0xaf, 0xeb, 0x7b, 0x93, 0xd6, 0x95, 0x7d, 0xb5, 0xea, 0xaa, 0xdf,
    0x04, 0x7d, 0xb5, 0x57, 0xe0, 0x37, 0xb3, 0xeb, 0x7b, 0xef, 0xd8, 0xb5,
    0x7d, 0xe3, 0xeb, 0xca, 0xde, 0xe8, 0xf5, 0x9d, 0x5f, 0x6f, 0xfa, 0xaa,
    0xb7, 0xb5, 0xbd, 0x43, 0x57, 0xd9, 0xbe, 0x99, 0xad, 0xec, 0x5f, 0x49,
    0x55, 0xf5, 0xef, 0xa2, 0x95, 0x91, 0x11, 0x05, 0x00, 0x85, 0x00, 0x14,
    0x06, 0x0c, 0x40, 0xc8, 0xdb, 0x6d, 0xba, 0xeb, 0x5b, 0xde, 0xbe, 0xf6,
    0xab, 0xef, 0x5f, 0x7c, 0xd6, 0xf7, 0xb7, 0xbf, 0xaa, 0xfb, 0xe7, 0xe0,
    0x1d, 0x6f, 0x7e, 0x7c, 0x0a, 0xab, 0xf0, 0x07, 0xe0, 0x95, 0x6f, 0x80,
    0xdf, 0x06, 0x6a, 0xfc, 0x0b, 0xf8, 0x3f, 0x5b, 0xe0, 0x77, 0xc2, 0x1a,
    0xbf, 0x02, 0xfe, 0x0d, 0xd6, 0xf7, 0xf7, 0xc0, 0x4a, 0xbe, 0xd9, 0xf6,
    0x45, 0x6f, 0x79, 0xfa, 0x3e, 0xa7, 0x49, 0xf0, 0x1d, 0x5d, 0x1f, 0x42,
    0xad, 0xe1, 0xaf, 0x74, 0x55, 0xc4, 0x70, 0xfa, 0xdc, 0x83, 0xe0, 0xbd,
    0x5c, 0x3e, 0x3e, 0xa7, 0xb4, 0xfe, 0x00, 0x56, 0xf5, 0x6f, 0xb8, 0x6a,
    0xe3, 0xdb, 0x5b, 0xe1, 0x07, 0x93, 0x2a, 0xf4, 0xfe, 0x2b, 0x5b, 0x33,
    0x78, 0xec, 0xbe, 0xaf, 0x07, 0xf1, 0xbd, 0x6f, 0x29, 0x7a, 0xf2, 0xaf,
    0xa6, 0x7d, 0xd7, 0x5b, 0xd6, 0x1e, 0xf6, 0xab, 0xeb, 0x0f, 0x77, 0xd6,
    0xf5, 0x37, 0xb8, 0x6a, 0xfa, 0x5b, 0xd9, 0xd5, 0xbd, 0x0b, 0xeb, 0xaa,
    0xbe, 0xa6, 0xf7, 0x05, 0x6f, 0x48, 0xfb, 0x26, 0xaf, 0x9f, 0x7d, 0x67,
    0x5b, 0xcd, 0x5e, 0x9f, 0xab, 0xeb, 0xef, 0x80, 0x15, 0xbd, 0x51, 0xee,
    0x9a, 0xbe, 0x93, 0xf6, 0x95, 0x6f, 0x40, 0x7a, 0xfa, 0xaf, 0xa8, 0x7d,
    0xcb, 0x5b, 0xd1, 0xde, 0xd1, 0xab, 0xe7, 0xcf, 0x5e, 0xd6, 0xf3, 0x5f,
    0xaa, 0xea, 0xfb, 0x0f, 0xe0, 0xa5, 0x6f, 0x58, 0x7b, 0xfe, 0xaf, 0xa7,
    0xbd, 0xd9, 0x5b, 0xd1, 0xbe, 0xda, 0xab, 0xeb, 0x2f, 0x81, 0x15, 0xbd,
    0x43, 0xef, 0x5a, 0xbe, 0x91, 0xf7, 0x25, 0x6f, 0x41, 0x7b, 0x4e, 0xaf,
    0xa9, 0xfe, 0x01, 0x56, 0xf4, 0xc7, 0xbc, 0x6a, 0xfa, 0x2b, 0xdc, 0x55,
    0xbc, 0xf9, 0xed, 0x2a, 0xbe, 0xa2, 0xf8, 0x07, 0x5b, 0xd2, 0x9e, 0xf3,
    0xab, 0xe8, 0x6f, 0x72, 0x56, 0xf3, 0xcf, 0xb5, 0xaa, 0xfa, 0x83, 0xe0,
    0x45, 0x6f, 0x49, 0xfb, 0xea, 0xaf, 0xa1, 0xbd, 0xd9, 0x5b, 0xcf, 0x5e,
    0xdf, 0xab, 0xe6, 0xff, 0x69, 0x56, 0xf3, 0x27, 0xb1, 0x94, 0x3e, 0x60,
    0x5c, 0x0c, 0x80, 0xc4, 0x07, 0x80, 0x46, 0x02, 0x8b, 0x36, 0x6d, 0xb6,
    0x00, 0x03, 0xe0, 0x00, 0x00, 0x3b, 0xdf, 0x04, 0x04, 0x00, 0x00, 0x20,
    0x62, 0x12,
}};
// Per-channel RMS x 1e6, in the decoder's own order
// (L R).
inline constexpr std::array<std::int32_t, 2> kAc420AcplRms{{
    60863, 57398
}};

// AC-4 5.1 from DEE, 192 kbit/s - libs/ac4/fuzz/seeds/fuzz_ac4_parse/ac4-51-music-192-3frames.ac4, 4130 bytes, 3 frames.
inline constexpr int kAc451MusicFrames = 3;
inline constexpr std::array<std::uint8_t, 4130> kAc451MusicStream{{
    0xac, 0x41, 0x04, 0x00, 0xbf, 0xbe, 0xfb, 0xc0, 0xc6, 0x01, 0xa2, 0x16,
    0x16, 0x14, 0xdc, 0x04, 0xbe, 0x2c, 0x30, 0x20, 0x81, 0x40, 0x20, 0x00,
    0x48, 0x9c, 0x5a, 0x69, 0x6a, 0x4b, 0xa6, 0x0c, 0x03, 0xcb, 0x09, 0x52,
    0xd4, 0x19, 0x32, 0x10, 0x03, 0xfe, 0x3a, 0xfe, 0x9d, 0x88, 0xba, 0x1a,
    0x40, 0x54, 0x4b, 0xea, 0x38, 0xa1, 0xa2, 0x02, 0x9b, 0xf6, 0x00, 0x2d,
    0x8d, 0xf2, 0x0f, 0x8c, 0x3f, 0x01, 0xf8, 0xbe, 0x69, 0x21, 0x01, 0x5f,
    0xc4, 0xbe, 0x22, 0xaf, 0xe1, 0xaf, 0x06, 0xd7, 0xef, 0xdd, 0xb2, 0xbf,
    0x4e, 0xe3, 0xb5, 0xb4, 0x68, 0xa9, 0xa4, 0xe1, 0x55, 0x38, 0x67, 0x17,
    0xa9, 0xc6, 0x78, 0x6d, 0x4d, 0x8e, 0x1e, 0xa8, 0xa1, 0x57, 0x90, 0x73,
    0x78, 0xaa, 0xa0, 0x25, 0x79, 0x75, 0x2b, 0xcf, 0x72, 0x6c, 0x1a, 0x87,
    0x55, 0x46, 0xc0, 0xa8, 0xd1, 0xa1, 0x61, 0xae, 0x51, 0x03, 0x8d, 0xfd,
    0x8d, 0x03, 0xc1, 0x21, 0x74, 0x4f, 0xa6, 0xd7, 0x11, 0x8e, 0x87, 0x30,
    0x9f, 0x02, 0xd8, 0x55, 0x94, 0xe4, 0xf0, 0x13, 0x0a, 0x48, 0xf0, 0xb1,
    0xe1, 0xe0, 0xe7, 0x69, 0xf1, 0xb8, 0x54, 0x07, 0xc6, 0x1f, 0x80, 0xfc,
    0x5f, 0x74, 0x58, 0xd4, 0xd5, 0xe8, 0xaa, 0x64, 0xf0, 0x47, 0x82, 0x65,
    0x77, 0xd6, 0xaf, 0x72, 0x71, 0xa6, 0x8d, 0x52, 0xee, 0x26, 0xa6, 0x4f,
    0x3f, 0x53, 0x55, 0xad, 0xa9, 0xa2, 0xc4, 0x9d, 0x15, 0x57, 0x74, 0x6a,
    0xf4, 0xa6, 0x57, 0x8b, 0x0e, 0xbc, 0x29, 0x15, 0xe6, 0xce, 0xaf, 0x2a,
    0x11, 0xe7, 0x40, 0x99, 0x9c, 0x30, 0xd7, 0x10, 0xab, 0x84, 0x35, 0xcc,
    0x6a, 0xe6, 0x35, 0x73, 0x16, 0xb8, 0xc2, 0x01, 0xd8, 0x34, 0xc1, 0xa6,
    0x0a, 0xf1, 0x2f, 0x04, 0xd8, 0x17, 0xc0, 0xd6, 0x15, 0xe2, 0xec, 0x93,
    0x24, 0xef, 0xdf, 0xbf, 0x7e, 0xfd, 0xfb, 0xf7, 0xc7, 0x1d, 0xc7, 0x1c,
    0x71, 0xc7, 0x77, 0x77, 0x77, 0x77, 0x77, 0x72, 0xf1, 0x9a, 0x21, 0xd0,
    0x2a, 0x0a, 0xb2, 0x3a, 0xd9, 0x07, 0xc6, 0x1d, 0x07, 0x41, 0xd5, 0xea,
    0x28, 0x2a, 0x1e, 0x65, 0x4a, 0xef, 0xaf, 0x43, 0x47, 0x5f, 0x6f, 0xa8,
    0x3b, 0xd3, 0xaa, 0x4d, 0xab, 0x52, 0x73, 0xc1, 0x7b, 0x5d, 0xf1, 0x2b,
    0xc3, 0x7d, 0x74, 0x1e, 0xba, 0x15, 0x5d, 0xae, 0xae, 0xf7, 0x57, 0x49,
    0xeb, 0x90, 0x02, 0xb6, 0x7a, 0x24, 0x05, 0x40, 0xa4, 0x42, 0x61, 0xa3,
    0x82, 0x31, 0x10, 0xf8, 0x4c, 0x3c, 0x15, 0xce, 0xb3, 0x44, 0x8a, 0x30,
    0x7c, 0x61, 0xd0, 0x74, 0x1d, 0x5e, 0xa5, 0x53, 0x45, 0xc1, 0x2a, 0x72,
    0xae, 0x79, 0x53, 0xa5, 0xf2, 0x9a, 0x9c, 0x03, 0x41, 0x52, 0xbd, 0x6a,
    0x96, 0x6d, 0xd4, 0xa3, 0x2e, 0xa4, 0x25, 0x54, 0x20, 0x6a, 0x04, 0x95,
    0x0c, 0x7a, 0x87, 0x2d, 0x42, 0x08, 0xf0, 0x00, 0x15, 0x82, 0x50, 0x22,
    0x02, 0x28, 0x04, 0x40, 0x2a, 0x0b, 0x81, 0x50, 0x8c, 0x46, 0x22, 0x1f,
    0x2e, 0x5c, 0xf3, 0xcf, 0x3c, 0x51, 0x47, 0x26, 0x34, 0xd2, 0x34, 0x19,
    0x1d, 0x6c, 0x0f, 0x8c, 0x3a, 0x0e, 0x83, 0xab, 0xd4, 0xab, 0xf8, 0x9b,
    0xc3, 0x75, 0xfc, 0x0b, 0xd8, 0x6b, 0xf2, 0xed, 0x51, 0xc6, 0xc6, 0xd4,
    0xd7, 0xed, 0xaa, 0x6b, 0xb3, 0xd5, 0x31, 0xf8, 0x5a, 0x98, 0x2c, 0x25,
    0x4c, 0x36, 0x12, 0xa5, 0xca, 0x15, 0x10, 0x20, 0x18, 0x00, 0x40, 0x07,
    0x60, 0x3b, 0x01, 0xa0, 0x0d, 0x00, 0x68, 0x01, 0x60, 0x0a, 0x81, 0x50,
    0x2e, 0x20, 0x20, 0x20, 0x20, 0x20, 0x2e, 0x79, 0xe7, 0x9e, 0x28, 0xa3,
    0x97, 0x8d, 0xa0, 0xc6, 0x13, 0x13, 0x81, 0x20, 0x1f, 0xf8, 0x01, 0xff,
    0xbf, 0x71, 0x00, 0x70, 0x3f, 0xf8, 0x00, 0x00, 0x03, 0xbd, 0x9d, 0xf1,
    0x01, 0x31, 0x38, 0x10, 0x01, 0xff, 0x80, 0x1f, 0xfb, 0xff, 0x84, 0x17,
    0x43, 0xff, 0x80, 0x00, 0x06, 0xc3, 0xbd, 0x9d, 0xf1, 0x01, 0x31, 0x30,
    0x00, 0xff, 0xc0, 0x0f, 0xfd, 0xff, 0xa0, 0x0f, 0xf0, 0xbb, 0xd9, 0xdf,
    0x00, 0x80, 0xc0, 0x84, 0x80, 0xa0, 0x40, 0x40, 0x00, 0x00, 0x00, 0x00,
    0x00, 0x00, 0x00, 0x00, 0x00, 0x00, 0x00, 0x00, 0x00, 0x00, 0x00, 0x00,
    0x00, 0x00, 0x00, 0x00, 0x00, 0x00, 0x00, 0x00, 0x00, 0x00, 0x00, 0x00,
    0x00, 0x00, 0x00, 0x00, 0x00, 0x00, 0x00, 0x00, 0x00, 0x00, 0x00, 0x00,
    0x00, 0x00, 0x00, 0x00, 0x00, 0x00, 0x00, 0x00, 0x00, 0x00, 0x00, 0x00,
    0x00, 0x00, 0x00, 0x00, 0x00, 0x00, 0x00, 0x00, 0x00, 0x00, 0x00, 0x00,
    0x00, 0x00, 0x00, 0x00, 0x00, 0x00, 0x00, 0x00, 0x00, 0x00, 0x00, 0x00,
    0x00, 0x00, 0x00, 0x00, 0x00, 0x00, 0x00, 0x00, 0x00, 0x00, 0x00, 0x00,
    0x00, 0x00, 0x00, 0x00, 0x00, 0x00, 0x00, 0x00, 0x00, 0x00, 0x00, 0x00,
    0x00, 0x00, 0x00, 0x00, 0x00, 0x00, 0x00, 0x00, 0x00, 0x00, 0x00, 0x00,
    0x00, 0x00, 0x00, 0x00, 0x00, 0x00, 0x00, 0x00, 0x00, 0x00, 0x00, 0x00,
    0x00, 0x00, 0x00, 0x00, 0x00, 0x00, 0x00, 0x00, 0x00, 0x00, 0x00, 0x00,
    0x00, 0x00, 0x00, 0x00, 0x00, 0x00, 0x00, 0x00, 0x00, 0x00, 0x00, 0x00,
    0x00, 0x00, 0x00, 0x00, 0x00, 0x00, 0x00, 0x00, 0x00, 0x00, 0x00, 0x00,
    0x00, 0x00, 0x00, 0x00, 0x00, 0x00, 0x00, 0x00, 0x00, 0x00, 0x00, 0x00,
    0x00, 0x00, 0x00, 0x00, 0x00, 0x00, 0x00, 0x00, 0x00, 0x00, 0x00, 0x00,
    0x00, 0x00, 0x00, 0x00, 0x00, 0x00, 0x00, 0x00, 0x00, 0x00, 0x00, 0x00,
    0x00, 0x00, 0x00, 0x00, 0x00, 0x00, 0x00, 0x00, 0x00, 0x00, 0x00, 0x00,
    0x00, 0x00, 0x00, 0x00, 0x00, 0x00, 0x00, 0x00, 0x00, 0x00, 0x00, 0x00,
    0x00, 0x00, 0x00, 0x00, 0x00, 0x00, 0x00, 0x00, 0x00, 0x00, 0x00, 0x00,
    0x00, 0x00, 0x00, 0x00, 0x00, 0x00, 0x00, 0x00, 0x00, 0x00, 0x00, 0x00,
    0x00, 0x00, 0x00, 0x00, 0x00, 0x00, 0x00, 0x00, 0x00, 0x00, 0x00, 0x00,
    0x00, 0x00, 0x00, 0x00, 0x00, 0x00, 0x00, 0x00, 0x00, 0x00, 0x00, 0x00,
    0x00, 0x00, 0x00, 0x00, 0x00, 0x00, 0x00, 0x00, 0x00, 0x00, 0x00, 0x00,
    0x00, 0x00, 0x00, 0x00, 0x00, 0x00, 0x00, 0x00, 0x00, 0x00, 0x00, 0x00,
    0x00, 0x00, 0x00, 0x00, 0x00, 0x00, 0x00, 0x00, 0x00, 0x00, 0x00, 0x00,
    0x00, 0x00, 0x00, 0x00, 0x00, 0x00, 0x00, 0x00, 0x00, 0x00, 0x00, 0x00,
    0x00, 0x00, 0x00, 0x00, 0x00, 0x00, 0x00, 0x00, 0x00, 0x00, 0x00, 0x00,
    0x00, 0x00, 0x00, 0x00, 0x00, 0x00, 0x00, 0x00, 0x00, 0x00, 0x00, 0x00,
    0x00, 0x00, 0x00, 0x00, 0x00, 0x00, 0x00, 0x00, 0x00, 0x00, 0x00, 0x00,
    0x00, 0x00, 0x00, 0x00, 0x00, 0x00, 0x00, 0x00, 0x00, 0x00, 0x00, 0x00,
    0x00, 0x00, 0x00, 0x00, 0x00, 0x00, 0x00, 0x00, 0x00, 0x00, 0x00, 0x00,
    0x00, 0x00, 0x00, 0x00, 0x00, 0x00, 0x00, 0x00, 0x00, 0x00, 0x00, 0x00,
    0x00, 0x00, 0x00, 0x00, 0x00, 0x00, 0x00, 0x00, 0x00, 0x00, 0x00, 0x00,
    0x00, 0x00, 0x00, 0x00, 0x00, 0x00, 0x00, 0x00, 0x00, 0x00, 0x00, 0x00,
    0x00, 0x00, 0x00, 0x00, 0x00, 0x00, 0x00, 0x00, 0x00, 0x00, 0x00, 0x00,
    0x00, 0x00, 0x00, 0x00, 0x00, 0x00, 0x00, 0x00, 0x00, 0x00, 0x00, 0x00,
    0x00, 0x00, 0x00, 0x00, 0x00, 0x00, 0x00, 0x00, 0x00, 0x00, 0x00, 0x00,
    0x00, 0x00, 0x00, 0x00, 0x00, 0x00, 0x00, 0x00, 0x00, 0x00, 0x00, 0x00,
    0x00, 0x00, 0x00, 0x00, 0x00, 0x00, 0x00, 0x00, 0x59, 0x61, 0xac, 0x41,
    0x07, 0x1f, 0xbf, 0xce, 0xfb, 0xc0, 0xc6, 0x01, 0xa3, 0xb9, 0x4d, 0x58,
    0x24, 0x04, 0xbe, 0x2c, 0x30, 0x21, 0xbd, 0x90, 0x04, 0x00, 0x48, 0x9c,
    0x5a, 0x69, 0x6a, 0x4b, 0xa6, 0x0c, 0x03, 0xcb, 0x09, 0x52, 0xd4, 0x19,
    0x32, 0x10, 0x0d, 0xe0, 0x3a, 0xfe, 0x9d, 0x88, 0x29, 0x40, 0x36, 0x25,
    0x49, 0x38, 0x96, 0x81, 0x99, 0x78, 0xaa, 0x00, 0x09, 0xdf, 0x19, 0xaf,
    0x9a, 0x2c, 0x48, 0xd9, 0xaa, 0xc5, 0x08, 0xab, 0x74, 0xd8, 0xa1, 0x15,
    0x6c, 0xa3, 0xb0, 0xd0, 0x2a, 0x01, 0x31, 0x79, 0x52, 0x99, 0x85, 0xa9,
    0x80, 0x90, 0x70, 0x22, 0x56, 0x8e, 0xd3, 0xbc, 0x22, 0xb5, 0x5e, 0xac,
    0x82, 0x57, 0xa1, 0x3e, 0xa4, 0xa8, 0x89, 0xa0, 0x80, 0xbc, 0xb6, 0xac,
    0xdc, 0x82, 0xb3, 0x4f, 0x5c, 0x83, 0xae, 0x51, 0xd6, 0x31, 0x56, 0xc2,
    0x2c, 0x00, 0x06, 0xf3, 0x98, 0x8e, 0x47, 0x26, 0x93, 0x49, 0xee, 0xc1,
    0xc2, 0x19, 0x34, 0x26, 0xab, 0xd4, 0x24, 0x51, 0x45, 0x25, 0x53, 0x33,
    0x32, 0x48, 0x91, 0x41, 0xe4, 0x89, 0x12, 0x24, 0x49, 0xa6, 0xb9, 0x0c,
    0xe9, 0x98, 0x38, 0x57, 0xde, 0x80, 0x41, 0x16, 0x1f, 0xc3, 0x31, 0x6e,
    0x56, 0xdc, 0xc5, 0xe9, 0xe1, 0xdc, 0x49, 0x8a, 0xa6, 0x49, 0x57, 0x7d,
    0x18, 0x37, 0x7e, 0x20, 0xbb, 0xca, 0x19, 0xd7, 0x6d, 0xfd, 0x11, 0x1e,
    0x26, 0x48, 0x0b, 0x29, 0x29, 0x24, 0x01, 0xc0, 0x2c, 0x69, 0xd2, 0x00,
    0xd7, 0x68, 0x01, 0x08, 0x6b, 0x91, 0xa8, 0x75, 0x92, 0x9f, 0x67, 0x45,
    0x86, 0xbc, 0x65, 0x79, 0xce, 0xfb, 0xd5, 0x06, 0xcc, 0x85, 0x66, 0xbd,
    0x49, 0x76, 0x03, 0x35, 0x90, 0x32, 0x87, 0xa5, 0xdd, 0xcd, 0xa4, 0x13,
    0x52, 0xf0, 0xed, 0xf4, 0x66, 0xc6, 0x64, 0x93, 0x80, 0xb2, 0xa5, 0x07,
    0x6d, 0x36, 0x94, 0x7d, 0x6b, 0xaa, 0xca, 0xa0, 0x57, 0x15, 0xf1, 0xf4,
    0xa2, 0x0a, 0xb6, 0x49, 0x52, 0x14, 0x41, 0x46, 0x15, 0x70, 0x88, 0x9e,
    0x70, 0x98, 0x94, 0xb5, 0x15, 0x18, 0x99, 0x20, 0x52, 0x58, 0x8d, 0x7c,
    0x40, 0xe3, 0xa2, 0x2d, 0xa4, 0x4c, 0xaa, 0x06, 0x00, 0x66, 0xd4, 0x53,
    0x4b, 0x8a, 0x85, 0xcf, 0xc3, 0x5b, 0x4b, 0xd2, 0xe5, 0x55, 0x03, 0x9b,
    0x83, 0x4d, 0x8a, 0x55, 0xc3, 0xc2, 0x02, 0xef, 0xd6, 0xa2, 0x9c, 0x1f,
    0xac, 0x5d, 0x89, 0x56, 0x56, 0xde, 0x9e, 0x22, 0xc1, 0x45, 0x23, 0x34,
    0x1d, 0x73, 0xc5, 0x1c, 0x2c, 0x14, 0xac, 0x36, 0x3a, 0x82, 0xde, 0x1f,
    0xd7, 0x7c, 0x71, 0x3c, 0xdd, 0xb0, 0xbd, 0x75, 0x99, 0xac, 0x14, 0xea,
    0xdd, 0x0f, 0xe3, 0x3b, 0xd2, 0x2d, 0x94, 0x78, 0x08, 0xa3, 0x79, 0x9d,
    0xcd, 0xdc, 0xc1, 0x02, 0xa7, 0x56, 0x3b, 0x2a, 0x87, 0xe8, 0xd3, 0xff,
    0x8c, 0xf7, 0x40, 0xf3, 0x1f, 0x02, 0x1a, 0xdf, 0xff, 0x8b, 0x87, 0xcb,
    0xc2, 0xaa, 0x41, 0x55, 0x77, 0x0f, 0xc3, 0x88, 0x06, 0x26, 0xed, 0x1c,
    0x9e, 0x20, 0x60, 0x64, 0x5f, 0xf4, 0x49, 0xa4, 0x8a, 0xa8, 0x6c, 0xbb,
    0xc9, 0x0c, 0x19, 0x7c, 0xa2, 0x05, 0x18, 0xf8, 0xa7, 0x0c, 0x88, 0x21,
    0x34, 0xc8, 0x2a, 0x10, 0x46, 0x02, 0x11, 0x97, 0x40, 0x50, 0x9e, 0x30,
    0x98, 0x94, 0x90, 0x20, 0xca, 0xae, 0x34, 0x26, 0xc2, 0x49, 0x0a, 0x76,
    0x62, 0x22, 0xe4, 0x07, 0x80, 0x82, 0x20, 0x0b, 0x81, 0x4f, 0xb3, 0xd1,
    0xa2, 0x52, 0x75, 0x68, 0x42, 0xa1, 0x02, 0x1d, 0xcb, 0x0c, 0x4e, 0xbd,
    0x0f, 0x0b, 0x1f, 0x9b, 0xec, 0xc5, 0x6f, 0x38, 0x87, 0x2f, 0x5a, 0x90,
    0x59, 0x4a, 0x85, 0x7d, 0xff, 0xf4, 0x3d, 0x7f, 0x90, 0x7a, 0x54, 0x7b,
    0x13, 0x8f, 0x6f, 0xa7, 0x59, 0xab, 0xd9, 0x6b, 0x3a, 0x51, 0xac, 0x21,
    0x3d, 0x50, 0x68, 0x82, 0x8d, 0x70, 0xac, 0xaf, 0x8b, 0x97, 0xbd, 0x0d,
    0x38, 0xb4, 0x85, 0x75, 0x2e, 0x1e, 0xda, 0x4d, 0x67, 0xdf, 0x0d, 0x67,
    0x5a, 0x5b, 0xf7, 0xa7, 0xc9, 0x9d, 0xaa, 0x31, 0xaf, 0x82, 0xf9, 0x38,
    0xc8, 0x66, 0x40, 0x1d, 0xa9, 0x30, 0x67, 0xe6, 0xab, 0xf9, 0x18, 0x45,
    0x14, 0x92, 0x63, 0x1e, 0x8a, 0xc3, 0x07, 0x1e, 0x78, 0x5d, 0x7d, 0xc9,
    0x50, 0xef, 0x5c, 0x53, 0x7a, 0x71, 0x2d, 0xbc, 0x97, 0x6f, 0x75, 0x1f,
    0xad, 0x7e, 0xa4, 0x52, 0x84, 0xea, 0x11, 0x04, 0x1c, 0x79, 0xe0, 0x90,
    0x90, 0x9d, 0xb6, 0x01, 0x43, 0xd7, 0x36, 0x07, 0x38, 0x44, 0xe3, 0x87,
    0x0a, 0x75, 0x6c, 0x75, 0xbf, 0xff, 0x87, 0x3f, 0xcd, 0xfe, 0xdf, 0xd3,
    0xff, 0xfc, 0x5c, 0x3f, 0xd3, 0x01, 0xf7, 0x9e, 0x80, 0xf0, 0x40, 0x17,
    0xd4, 0xcd, 0xe2, 0x02, 0x48, 0x08, 0x91, 0x7f, 0x45, 0x39, 0x29, 0xa3,
    0x24, 0x41, 0x34, 0x88, 0x50, 0xd1, 0xd4, 0x6d, 0xab, 0xe0, 0x4d, 0x9a,
    0x68, 0x44, 0xd8, 0xa6, 0xc4, 0xc8, 0x0a, 0x6c, 0x85, 0x59, 0x29, 0xd0,
    0x46, 0x09, 0x9e, 0xb4, 0xa3, 0x17, 0xb3, 0x55, 0x4b, 0x0d, 0xb4, 0x24,
    0xd8, 0x05, 0xe8, 0xc7, 0x82, 0x59, 0x93, 0x29, 0xbf, 0x3a, 0xc6, 0xe3,
    0xa0, 0x00, 0xeb, 0x00, 0xc0, 0xf8, 0x7c, 0xab, 0x96, 0x68, 0x68, 0xd9,
    0x2a, 0x76, 0x2c, 0x5b, 0xcd, 0xe2, 0x04, 0x65, 0x36, 0x09, 0xe4, 0x88,
    0x70, 0x46, 0x0c, 0xd1, 0x50, 0x01, 0x3c, 0x8f, 0x1e, 0x13, 0x85, 0xd0,
    0x3f, 0x42, 0x81, 0xf9, 0xdc, 0x89, 0x17, 0xc3, 0xbc, 0x1d, 0xc0, 0xba,
    0x82, 0x3c, 0x2d, 0xcd, 0x02, 0xb2, 0xb7, 0x51, 0x2b, 0xe7, 0x68, 0xb7,
    0xaf, 0xd7, 0x18, 0x12, 0x8a, 0xe2, 0x18, 0xb7, 0xbd, 0xb2, 0x01, 0x21,
    0x0e, 0x95, 0x17, 0xab, 0xfd, 0xa1, 0xff, 0x43, 0x69, 0xfa, 0x75, 0xaa,
    0x0a, 0xbe, 0x05, 0xd2, 0x50, 0x61, 0x9a, 0xe1, 0x59, 0x1c, 0x47, 0x61,
    0x0b, 0xdb, 0xf2, 0x7e, 0x95, 0x64, 0xc3, 0x81, 0xdb, 0x22, 0x56, 0x64,
    0x3b, 0xbb, 0xd9, 0x05, 0x84, 0x07, 0x84, 0x38, 0xe6, 0x70, 0x1b, 0x01,
    0xad, 0xc5, 0xf8, 0x54, 0x70, 0xc6, 0x25, 0xed, 0x16, 0x74, 0x4a, 0x16,
    0x46, 0xb2, 0xc5, 0xa8, 0xa0, 0x15, 0xc3, 0xe4, 0x65, 0xce, 0xa3, 0xc0,
    0xb4, 0xcd, 0x40, 0x8e, 0xb3, 0x6c, 0x83, 0xa1, 0xd6, 0x80, 0x5a, 0x39,
    0x03, 0xf5, 0xb8, 0x50, 0x8f, 0x9e, 0xd9, 0x22, 0xc8, 0x79, 0xc6, 0x5f,
    0x4a, 0x11, 0x2a, 0x62, 0x08, 0x30, 0x3c, 0xd9, 0x5c, 0x59, 0x28, 0x0d,
    0x6d, 0x67, 0xda, 0xba, 0xb4, 0x5a, 0x86, 0x73, 0xb1, 0x84, 0x06, 0xc7,
    0xc6, 0xc8, 0xeb, 0x47, 0xd2, 0x05, 0x1c, 0x2a, 0xae, 0x57, 0x65, 0xf1,
    0x84, 0x72, 0x2d, 0xa3, 0x26, 0xa9, 0x03, 0x0b, 0x88, 0x38, 0xb0, 0x70,
    0xb5, 0xb2, 0x95, 0x18, 0x3f, 0x5e, 0x3d, 0x0b, 0x74, 0x6e, 0xd9, 0x71,
    0x2c, 0x95, 0x19, 0xa2, 0x9e, 0xce, 0xdb, 0x8b, 0x95, 0xec, 0x4d, 0x69,
    0x2b, 0x98, 0xf6, 0xb6, 0xd7, 0xb4, 0xad, 0x0e, 0xc2, 0xfd, 0xbd, 0x4f,
    0x79, 0x22, 0x8c, 0xb4, 0x36, 0x9b, 0xfd, 0x69, 0x13, 0xdb, 0x27, 0xe1,
    0x6a, 0x64, 0x44, 0xa4, 0x8d, 0x34, 0xb7, 0xf1, 0x33, 0x5b, 0xf7, 0x4a,
    0x61, 0x91, 0xc5, 0x36, 0x5c, 0x06, 0xd8, 0x2d, 0x80, 0xa4, 0x99, 0x1f,
    0x84, 0xf3, 0xd4, 0x99, 0xa5, 0x08, 0x13, 0x64, 0x53, 0x61, 0xc2, 0x7f,
    0x43, 0x16, 0x35, 0x7d, 0x7f, 0xa1, 0x65, 0xff, 0xfe, 0x2a, 0x24, 0x46,
    0x11, 0x08, 0x5c, 0x6c, 0xd9, 0xa0, 0x20, 0x0a, 0xad, 0x96, 0x70, 0x95,
    0x68, 0x80, 0xf8, 0x60, 0x66, 0x74, 0xa2, 0x1b, 0xd0, 0x41, 0xbc, 0xed,
    0xcf, 0x49, 0xf1, 0x03, 0x5d, 0xa4, 0x42, 0xc5, 0x34, 0x22, 0xac, 0x42,
    0x46, 0x00, 0x45, 0xb4, 0x40, 0xac, 0x94, 0xb6, 0x31, 0x90, 0x04, 0x22,
    0xad, 0xc8, 0xa4, 0xd4, 0xac, 0x5a, 0xb0, 0xca, 0xba, 0x98, 0x24, 0x88,
    0xa1, 0xd5, 0xca, 0xa5, 0x6c, 0x27, 0x64, 0x80, 0xfb, 0x39, 0x23, 0x2f,
    0x22, 0x0a, 0xf0, 0x14, 0x61, 0x53, 0xa7, 0x9a, 0x36, 0x51, 0x2f, 0xae,
    0x3e, 0xfb, 0xef, 0xbe, 0xfa, 0x60, 0xc7, 0x3c, 0x8c, 0x10, 0xb0, 0x8f,
    0x96, 0x22, 0xda, 0xf7, 0xa2, 0x3c, 0xfa, 0xf4, 0x45, 0x7e, 0x83, 0x86,
    0xb7, 0x66, 0x86, 0x68, 0x5f, 0xdf, 0xd8, 0xf5, 0xa7, 0x4e, 0xb2, 0xda,
    0xc1, 0x6a, 0x2c, 0x02, 0x4a, 0x31, 0xdf, 0x1f, 0x20, 0xef, 0x0b, 0x74,
    0xc6, 0x9f, 0x9f, 0x27, 0x92, 0x9b, 0xd1, 0xf1, 0xd8, 0x40, 0xc5, 0xe0,
    0xee, 0x08, 0xb2, 0xaa, 0xc2, 0x3b, 0xf1, 0x72, 0x0a, 0x29, 0x19, 0xb2,
    0xce, 0xb1, 0x63, 0x62, 0x01, 0xee, 0x0d, 0x57, 0x73, 0xf1, 0x51, 0x3e,
    0x6a, 0x32, 0xc9, 0xa5, 0x7e, 0xe2, 0x03, 0xba, 0x45, 0x27, 0xed, 0x22,
    0xa5, 0x32, 0x4d, 0x1d, 0xfe, 0x93, 0x01, 0xe6, 0xe6, 0xd7, 0x47, 0x34,
    0x9d, 0xc3, 0x07, 0xa0, 0x6d, 0x61, 0x51, 0x14, 0x40, 0xa2, 0x27, 0x13,
    0x8d, 0x46, 0x97, 0x6c, 0x9c, 0xe0, 0x23, 0xa8, 0x97, 0x9a, 0x10, 0xd7,
    0xbe, 0xe9, 0xb6, 0x58, 0x3a, 0xb9, 0xb6, 0xa2, 0x6e, 0xf2, 0xda, 0x5e,
    0xbd, 0x9c, 0x64, 0xe7, 0x0c, 0x76, 0x9e, 0xd9, 0x45, 0x26, 0xa2, 0x36,
    0xc4, 0x16, 0x77, 0x8d, 0xc6, 0x00, 0x18, 0x13, 0x92, 0x9d, 0x2b, 0xf2,
    0x34, 0x1e, 0x13, 0xd9, 0x0e, 0xe4, 0xae, 0xe7, 0x3c, 0x42, 0xc3, 0xc5,
    0xc4, 0x74, 0xfd, 0xec, 0xf7, 0xee, 0x76, 0x18, 0x08, 0x95, 0x88, 0x5d,
    0xe0, 0x18, 0x91, 0x8a, 0xdd, 0x9c, 0x4b, 0xd2, 0x50, 0x58, 0x08, 0x60,
    0xec, 0xb2, 0xff, 0xa4, 0x11, 0x2f, 0x7a, 0xdf, 0x7d, 0x5f, 0xcb, 0x19,
    0xff, 0xf8, 0x5c, 0xe4, 0x11, 0x18, 0x51, 0xea, 0x6c, 0x84, 0x0c, 0x0b,
    0x26, 0x81, 0xcc, 0x1c, 0x0b, 0x7c, 0x81, 0x7f, 0xe3, 0xd9, 0x7f, 0x33,
    0xa9, 0xcc, 0x18, 0x30, 0x75, 0x1b, 0x6b, 0x90, 0x58, 0x88, 0xb5, 0x4d,
    0x80, 0x80, 0x16, 0x29, 0xc1, 0x40, 0x20, 0x05, 0x9a, 0x82, 0xad, 0xd4,
    0x68, 0x2a, 0x0c, 0xc4, 0x75, 0x86, 0x73, 0x8f, 0x59, 0x06, 0xaf, 0x98,
    0x9c, 0xa7, 0x10, 0x5c, 0x13, 0x80, 0xe6, 0x28, 0x02, 0xba, 0xf9, 0xb9,
    0xff, 0x09, 0x67, 0xc5, 0x2a, 0x19, 0x44, 0xc4, 0x26, 0x62, 0x25, 0x8e,
    0x81, 0x1c, 0xad, 0x18, 0xd0, 0x12, 0xd0, 0x0f, 0x44, 0xe0, 0x3b, 0x53,
    0x50, 0x09, 0x82, 0x6c, 0xd1, 0x30, 0x13, 0x30, 0x0f, 0xe4, 0x84, 0xc9,
    0x5a, 0x08, 0xeb, 0xc3, 0x22, 0x94, 0x96, 0x43, 0x63, 0x8b, 0x52, 0x7b,
    0x50, 0xb4, 0x79, 0x23, 0x44, 0x8e, 0xb7, 0x9c, 0x91, 0x9b, 0x73, 0xa1,
    0x1e, 0x79, 0x7a, 0x32, 0x3f, 0x21, 0xed, 0xfa, 0xc9, 0x7e, 0x76, 0x57,
    0x3a, 0xad, 0x14, 0x39, 0x56, 0x8a, 0x5e, 0xb6, 0x90, 0x89, 0x84, 0x34,
    0x5d, 0x3d, 0x66, 0x18, 0x12, 0xaa, 0x2c, 0xc7, 0x5c, 0xe6, 0xd4, 0xc1,
    0x27, 0x04, 0xf1, 0x56, 0x9d, 0x84, 0x10, 0xa0, 0xb8, 0x12, 0xe8, 0xb1,
    0x50, 0x10, 0xc0, 0xbc, 0x4c, 0x1a, 0x07, 0x67, 0x31, 0x2e, 0x1e, 0xc5,
    0xd3, 0x54, 0xe4, 0x59, 0x40, 0x73, 0xba, 0x35, 0xa8, 0xfd, 0x0c, 0x0b,
    0x20, 0x5c, 0xc9, 0xc9, 0x64, 0xe6, 0x4e, 0x8f, 0xd1, 0xc4, 0xd5, 0xf7,
    0xfa, 0x61, 0x74, 0xc1, 0x7c, 0x9d, 0xd9, 0x94, 0xca, 0x3b, 0xd4, 0xe9,
    0xdb, 0x98, 0x75, 0x56, 0x10, 0x31, 0xf8, 0x18, 0x21, 0x3b, 0xc0, 0x6a,
    0x40, 0xb7, 0x3b, 0x3f, 0x6b, 0xf7, 0x55, 0x32, 0xe0, 0x73, 0x6e, 0xf2,
    0x1a, 0x29, 0x27, 0x02, 0x09, 0x11, 0x1b, 0x63, 0x9d, 0xc2, 0xb0, 0xdf,
    0x18, 0x10, 0x0e, 0xc7, 0x69, 0x48, 0x20, 0xa1, 0x0a, 0x16, 0xa6, 0x54,
    0x31, 0x0c, 0x8f, 0x0d, 0xc9, 0x9b, 0xd9, 0x00, 0x02, 0x70, 0x09, 0xea,
    0xc1, 0x8e, 0x7b, 0x02, 0x6c, 0xeb, 0x80, 0x1c, 0x28, 0xfa, 0x1e, 0xfe,
    0x5c, 0xd8, 0x8f, 0x14, 0x98, 0x43, 0xe8, 0xdf, 0x3d, 0xd9, 0x38, 0x25,
    0xd7, 0x49, 0x3a, 0x3f, 0x8e, 0xa0, 0xf0, 0xc8, 0x9a, 0x78, 0x7f, 0x5d,
    0x43, 0x94, 0xe0, 0x88, 0xe2, 0x93, 0x15, 0x7a, 0xfc, 0xcb, 0xf7, 0x34,
    0x7c, 0x78, 0x1e, 0xd9, 0x3c, 0x20, 0x8e, 0x80, 0x5a, 0x71, 0xe9, 0x5f,
    0x56, 0x25, 0x19, 0x85, 0xc6, 0xab, 0x99, 0x08, 0x54, 0x59, 0x79, 0x18,
    0xe8, 0xc4, 0x11, 0xca, 0x13, 0xd4, 0x0a, 0x16, 0xa9, 0xf3, 0xb4, 0x4d,
    0x51, 0x4c, 0xb3, 0xd7, 0x2c, 0x4c, 0x88, 0xa3, 0x74, 0xa1, 0x0f, 0x53,
    0x0c, 0x16, 0xd3, 0x5e, 0xa7, 0xb7, 0x1a, 0xc1, 0x5f, 0x8c, 0xed, 0x58,
    0x76, 0xe7, 0x3e, 0xe7, 0x4f, 0x57, 0xab, 0x48, 0x50, 0x58, 0x22, 0x6f,
    0x82, 0x60, 0x41, 0x83, 0xd9, 0x28, 0x08, 0xc4, 0xf0, 0x7e, 0x49, 0x76,
    0xae, 0xd0, 0xba, 0x50, 0xe9, 0x8f, 0xc2, 0xc4, 0x9a, 0x4a, 0xa3, 0x55,
    0xd3, 0x3b, 0xbd, 0x5f, 0xff, 0x87, 0x63, 0x6c, 0xde, 0x30, 0x9e, 0x40,
    0xda, 0x02, 0xd5, 0x83, 0xa8, 0x3d, 0xa0, 0xbe, 0x22, 0xe0, 0x54, 0x5c,
    0x29, 0xca, 0xde, 0xde, 0x54, 0x25, 0x87, 0x3a, 0x99, 0xad, 0x21, 0x95,
    0x20, 0x80, 0x1f, 0xf8, 0x5f, 0xfb, 0xa2, 0xd6, 0xbf, 0xf8, 0x00, 0x0e,
    0x24, 0x43, 0x2a, 0x40, 0x00, 0x0e, 0xf0, 0xbf, 0xf7, 0x72, 0x4d, 0x16,
    0x7f, 0xf0, 0x03, 0xfb, 0xa0, 0x0c, 0xa8, 0x00, 0x3f, 0xf7, 0x4b, 0xff,
    0x5d, 0x50, 0x5d, 0x00, 0x80, 0xc0, 0x84, 0x80, 0xa0, 0x40, 0x40, 0x00,
    0x00, 0xa7, 0x83, 0xac, 0x41, 0x04, 0xf1, 0x80, 0x1d, 0xfa, 0xc0, 0xc6,
    0x00, 0x4d, 0xd0, 0x02, 0xf8, 0x30, 0x80, 0x34, 0xdb, 0x40, 0x00, 0x48,
    0x9c, 0x00, 0x18, 0x00, 0x40, 0x09, 0xae, 0x2e, 0xc4, 0x90, 0x83, 0x30,
    0xb7, 0xd5, 0x11, 0x4e, 0x68, 0xc9, 0xc4, 0x46, 0x00, 0x2f, 0x8d, 0x5b,
    0x28, 0xe8, 0x33, 0x4d, 0xbe, 0x02, 0xc3, 0x52, 0x99, 0x00, 0x38, 0x9f,
    0xaa, 0x53, 0xac, 0x03, 0x2b, 0x56, 0x0b, 0x44, 0xd0, 0xd2, 0xc1, 0xf2,
    0x2f, 0x11, 0x1f, 0xc0, 0x77, 0x2b, 0xba, 0x95, 0x1d, 0x67, 0x2f, 0x10,
    0xc3, 0xaa, 0x78, 0x5b, 0xc1, 0x63, 0xf0, 0x7a, 0x4d, 0xfe, 0xaa, 0x17,
    0xec, 0xdd, 0xd3, 0xb0, 0xf4, 0x65, 0xb9, 0xb2, 0xaa, 0xb3, 0x64, 0xd3,
    0x89, 0xe4, 0x10, 0x4d, 0x78, 0xcf, 0x3c, 0xff, 0x7e, 0xc7, 0xb8, 0xb0,
    0x8f, 0x2d, 0xa7, 0x3a, 0x56, 0xe0, 0x15, 0xfe, 0x49, 0x2f, 0x30, 0x33,
    0xab, 0x2d, 0xc5, 0xb5, 0x06, 0x60, 0x60, 0xaa, 0x36, 0x11, 0xd3, 0xd9,
    0xe5, 0xbc, 0x01, 0x47, 0xa9, 0xe4, 0x5c, 0x1c, 0x86, 0xda, 0xff, 0x62,
    0xfe, 0xef, 0xd3, 0xdb, 0xfa, 0xfe, 0xf5, 0x7f, 0xff, 0x6b, 0x4c, 0x54,
    0x76, 0x95, 0x67, 0xa0, 0x90, 0x3b, 0x96, 0xe0, 0x13, 0x50, 0x01, 0xc8,
    0x74, 0x43, 0x42, 0x1d, 0xd7, 0xba, 0x1f, 0xb4, 0x0c, 0x29, 0x99, 0xd4,
    0x95, 0x2e, 0xe9, 0xd6, 0x94, 0xe9, 0x7e, 0x7a, 0x71, 0xcc, 0x6e, 0xed,
    0x77, 0x51, 0xf6, 0x27, 0x58, 0x6c, 0xb9, 0xd7, 0x6d, 0x0a, 0xbb, 0x67,
    0xd7, 0xd1, 0x35, 0xb1, 0x71, 0x54, 0x40, 0xab, 0x93, 0x2d, 0x73, 0x40,
    0xc0, 0x57, 0xe1, 0x2f, 0xc7, 0xbf, 0x9a, 0xb1, 0xa7, 0xb6, 0xcc, 0xae,
    0x9f, 0x5d, 0x18, 0xe9, 0x4e, 0xa2, 0xbf, 0x47, 0xf6, 0x15, 0xf7, 0x3b,
    0xfc, 0x20, 0x19, 0xd7, 0xdd, 0x8f, 0xb5, 0xdf, 0xed, 0x7d, 0x7e, 0x41,
    0xfc, 0x82, 0xff, 0x9a, 0x1c, 0x77, 0x66, 0x6e, 0xfc, 0xbd, 0xd9, 0xdc,
    0xd5, 0x82, 0x00, 0x85, 0x3e, 0x99, 0xf7, 0x9a, 0x39, 0xa9, 0x73, 0x88,
    0x69, 0x59, 0xd8, 0xae, 0x06, 0x20, 0x8c, 0x0c, 0x23, 0xa6, 0x31, 0x1c,
    0x42, 0x30, 0x18, 0x97, 0xde, 0x15, 0x0f, 0x3c, 0x29, 0xc4, 0x36, 0x15,
    0x72, 0x6d, 0xc9, 0xab, 0x2c, 0xd1, 0x52, 0xef, 0x25, 0xb2, 0x31, 0xb5,
    0x2f, 0xd2, 0x1c, 0x86, 0xab, 0xb9, 0xc5, 0xc9, 0x84, 0xb7, 0x42, 0x52,
    0xc5, 0xb1, 0xe7, 0x0f, 0x62, 0xd4, 0x6e, 0x70, 0x06, 0x0a, 0xbe, 0xac,
    0xa2, 0xfe, 0x90, 0x1c, 0x65, 0xee, 0x74, 0xa3, 0xc1, 0x1f, 0xbb, 0xb8,
    0xb3, 0x75, 0x5b, 0x4f, 0xa7, 0xff, 0xf8, 0xf2, 0xc6, 0x1f, 0x9f, 0x41,
    0x2a, 0x55, 0x66, 0x23, 0xdf, 0xb1, 0x8d, 0xe4, 0x24, 0x92, 0x67, 0x16,
    0x14, 0xce, 0xb0, 0x8e, 0x58, 0xf3, 0xdc, 0x08, 0xff, 0xa9, 0x45, 0x0a,
    0xb0, 0x6a, 0xde, 0xe3, 0x35, 0xdb, 0x7b, 0x5e, 0x16, 0x1e, 0x5b, 0xd9,
    0x8a, 0x46, 0x1b, 0x10, 0x35, 0x5d, 0x48, 0x1d, 0x2e, 0x86, 0x87, 0x45,
    0x46, 0x36, 0x18, 0xc0, 0xb4, 0x0b, 0x5b, 0xcb, 0xc2, 0x7e, 0xa5, 0x04,
    0xc4, 0x47, 0x3b, 0x42, 0x68, 0xd9, 0xc4, 0x7e, 0x47, 0xf4, 0xff, 0xff,
    0x35, 0xff, 0xfc, 0x4d, 0x50, 0xa4, 0x08, 0x86, 0x06, 0x02, 0xd3, 0xff,
    0xa4, 0x3f, 0x94, 0x0a, 0x45, 0x9b, 0xba, 0xb2, 0x52, 0xac, 0x14, 0xc6,
    0x23, 0x8d, 0x00, 0x65, 0x82, 0x8b, 0x40, 0x94, 0x13, 0xce, 0x15, 0xb4,
    0x26, 0x44, 0x40, 0xe4, 0x05, 0x22, 0x1d, 0xa5, 0xd1, 0xe8, 0xc2, 0x14,
    0xa5, 0x2a, 0x49, 0x3a, 0x11, 0xc8, 0x26, 0xde, 0xda, 0x9a, 0x6a, 0x4a,
    0x97, 0xcc, 0x6c, 0x83, 0xa1, 0x41, 0xb3, 0x1d, 0x66, 0x6e, 0x6e, 0x7d,
    0xe5, 0xb1, 0x73, 0xd9, 0x65, 0x29, 0x9c, 0x17, 0x88, 0x6c, 0xa2, 0x5f,
    0x24, 0xc1, 0xf8, 0x64, 0xb8, 0xd2, 0x8f, 0x9f, 0xa2, 0x48, 0x3b, 0x8e,
    0x66, 0x86, 0x6f, 0x54, 0x75, 0xe7, 0xb7, 0x54, 0x61, 0xd5, 0x7d, 0xee,
    0x73, 0x7d, 0xbb, 0x3b, 0x3b, 0x3f, 0xec, 0x3e, 0xc5, 0xa0, 0xf2, 0x77,
    0x21, 0x73, 0x71, 0x81, 0x97, 0x2a, 0xfb, 0xcf, 0x8f, 0xcc, 0x23, 0xb1,
    0xc1, 0x19, 0x52, 0x3c, 0x95, 0xe5, 0x8c, 0x55, 0xb5, 0xac, 0xc9, 0xaa,
    0xc6, 0x6c, 0x99, 0x7b, 0xe4, 0xbc, 0xef, 0xcb, 0xf9, 0xe3, 0x67, 0xfd,
    0x27, 0x48, 0xb9, 0xe0, 0x38, 0x30, 0x6f, 0x0e, 0x08, 0x75, 0xc5, 0xc9,
    0xb4, 0xce, 0xa1, 0x83, 0xb5, 0xc3, 0xee, 0xfb, 0x43, 0x66, 0x72, 0xbb,
    0xac, 0xc7, 0x39, 0x08, 0x9b, 0xbb, 0x79, 0x3f, 0x80, 0x04, 0x75, 0xa2,
    0x49, 0x1f, 0x97, 0x15, 0xd7, 0x71, 0xee, 0x13, 0xcd, 0x60, 0xb0, 0x46,
    0x11, 0x45, 0x83, 0x27, 0x3d, 0x96, 0xba, 0x3d, 0x15, 0xb3, 0x4d, 0x63,
    0x0c, 0x53, 0x18, 0xd4, 0xd9, 0xb9, 0x09, 0x08, 0x5c, 0x26, 0x9c, 0x71,
    0x02, 0x29, 0x44, 0xa9, 0xc4, 0x02, 0x49, 0xea, 0x20, 0xa3, 0xa6, 0xdf,
    0xcc, 0xa0, 0x0a, 0xd5, 0x45, 0xa6, 0x88, 0x25, 0xf7, 0xff, 0x27, 0xd5,
    0x22, 0xa2, 0xa2, 0x6c, 0x91, 0x5b, 0xf5, 0xc6, 0x46, 0x40, 0x89, 0xbd,
    0x6f, 0xfe, 0x44, 0x50, 0x81, 0x95, 0x34, 0x79, 0x01, 0x88, 0xca, 0xd7,
    0xf4, 0xfd, 0xa9, 0x23, 0x7a, 0x7f, 0x45, 0xfb, 0x7f, 0xfb, 0xff, 0xfc,
    0xde, 0x2d, 0x3e, 0xdc, 0xf1, 0xb5, 0x40, 0xe7, 0x1e, 0x22, 0x39, 0xa3,
    0xec, 0xd2, 0xd0, 0x1e, 0xb2, 0x42, 0xac, 0x50, 0x36, 0x1c, 0x81, 0x86,
    0xa3, 0x14, 0xeb, 0xf7, 0x80, 0x1c, 0x8a, 0xca, 0x0a, 0x34, 0x6a, 0xb3,
    0x8e, 0xed, 0xe8, 0xd3, 0x24, 0xc9, 0x82, 0x90, 0xdd, 0xe3, 0x84, 0x44,
    0x76, 0x0c, 0xd8, 0x79, 0x89, 0x83, 0x72, 0x61, 0xfb, 0xfa, 0xd7, 0x53,
    0xee, 0xdd, 0xff, 0x25, 0x2c, 0x62, 0x60, 0x66, 0xcf, 0x9b, 0xe2, 0x50,
    0xe0, 0x2a, 0xa8, 0x5f, 0x52, 0x21, 0x13, 0x3c, 0x82, 0x27, 0x98, 0x31,
    0xbe, 0x12, 0xc9, 0x77, 0xc0, 0x54, 0xe3, 0x3b, 0x65, 0xcc, 0xfe, 0xbe,
    0xb7, 0x88, 0x48, 0xc0, 0x4f, 0x6c, 0x50, 0x05, 0xf9, 0xeb, 0x77, 0x8c,
    0x3a, 0x81, 0x34, 0x0c, 0x8c, 0xe5, 0x73, 0xe7, 0x5c, 0x98, 0x87, 0xfc,
    0x84, 0x39, 0x91, 0x5d, 0x7a, 0xf8, 0x9b, 0xf2, 0xd7, 0x0c, 0x69, 0x7d,
    0x95, 0x18, 0x85, 0xc5, 0x16, 0x20, 0x49, 0x61, 0x94, 0x15, 0x72, 0xa7,
    0x67, 0x2c, 0xfb, 0x9d, 0x18, 0xda, 0x3d, 0x8c, 0x13, 0x0e, 0x03, 0x0a,
    0xc3, 0x54, 0xea, 0xdf, 0xd6, 0xcf, 0x5d, 0x04, 0x64, 0xfe, 0x9f, 0x10,
    0xed, 0x54, 0x21, 0x1d, 0xcd, 0xff, 0xf5, 0xd7, 0xd9, 0xde, 0xf5, 0x8f,
    0x33, 0xfa, 0x3f, 0xff, 0x6b, 0x8a, 0x92, 0x8b, 0x09, 0x1a, 0x3b, 0x65,
    0xef, 0xaf, 0xff, 0xff, 0xf4, 0x10, 0xf7, 0xd3, 0xf6, 0x31, 0x9f, 0xfa,
    0x06, 0x95, 0xe2, 0x7b, 0x44, 0x7e, 0x7a, 0xd0, 0x4c, 0xef, 0xd2, 0x50,
    0xc4, 0x33, 0x75, 0xd2, 0x94, 0xc5, 0x40, 0x99, 0x76, 0x87, 0x1a, 0xef,
    0x38, 0x71, 0x04, 0x04, 0x2d, 0x44, 0xc1, 0x86, 0x82, 0x4d, 0xa5, 0x3c,
    0x7b, 0x2c, 0x81, 0xd4, 0x27, 0x1e, 0xd4, 0xe4, 0x27, 0xe8, 0xa8, 0x00,
    0x60, 0x69, 0x20, 0xc0, 0xf1, 0x55, 0xd2, 0xd0, 0xbd, 0x39, 0x82, 0x52,
    0xd3, 0xa8, 0xe8, 0x36, 0xee, 0xb0, 0xb6, 0x01, 0xc6, 0xa4, 0xeb, 0x31,
    0xd5, 0x62, 0xcc, 0xfb, 0x63, 0xf9, 0x1d, 0x55, 0x4a, 0x62, 0x7c, 0x9c,
    0xc7, 0xc6, 0x47, 0x10, 0x55, 0x14, 0x62, 0x04, 0x18, 0xdb, 0x90, 0x39,
    0x57, 0x06, 0x00, 0x28, 0x7c, 0x2b, 0xa2, 0x83, 0xce, 0x96, 0xa3, 0xa9,
    0xe1, 0xfe, 0x31, 0x1e, 0x7e, 0x30, 0xbc, 0x2d, 0xf7, 0xbe, 0xf1, 0x5f,
    0x60, 0x91, 0xd3, 0x19, 0xa0, 0xb0, 0xb4, 0x8b, 0xfd, 0x24, 0x3b, 0xc2,
    0xac, 0xeb, 0x8e, 0x96, 0x40, 0xb5, 0x42, 0x4d, 0x91, 0x56, 0x92, 0xcb,
    0x8e, 0xfc, 0x24, 0x26, 0x1d, 0x89, 0xdc, 0xbb, 0xa2, 0xb3, 0xb6, 0x41,
    0xd9, 0xd2, 0x8e, 0x52, 0xff, 0xd6, 0xb7, 0xdd, 0x36, 0x55, 0x3b, 0xac,
    0x1e, 0x6e, 0xa2, 0x97, 0x6a, 0x49, 0x47, 0xce, 0xd6, 0x39, 0x33, 0xcf,
    0x56, 0x68, 0xe1, 0xca, 0xb2, 0xce, 0x71, 0xf7, 0xb6, 0x34, 0xe2, 0x89,
    0x0d, 0xb9, 0xbe, 0xcd, 0x3c, 0x03, 0x19, 0xb5, 0xa7, 0x73, 0x13, 0x29,
    0x1d, 0x87, 0x26, 0xa6, 0xae, 0xe9, 0xdc, 0xb0, 0xd3, 0x62, 0xf2, 0x72,
    0x93, 0xf9, 0xfd, 0xf1, 0x7b, 0x58, 0xe6, 0xb4, 0x82, 0xce, 0x3b, 0xc8,
    0xab, 0x92, 0x2e, 0x70, 0xcf, 0xc7, 0x25, 0xc3, 0x6b, 0x30, 0xaa, 0x27,
    0x87, 0xe3, 0xea, 0x42, 0xc5, 0x77, 0x5d, 0x09, 0x30, 0x15, 0x3c, 0x1c,
    0x49, 0xc0, 0x82, 0x5d, 0x99, 0x12, 0xdb, 0x04, 0x32, 0xe7, 0x25, 0x40,
    0x32, 0x63, 0xe3, 0xba, 0x3b, 0x87, 0xed, 0x4e, 0x1b, 0xd5, 0xb2, 0xdb,
    0x4d, 0x20, 0xbb, 0xab, 0x5a, 0x6b, 0xd6, 0x70, 0xbb, 0x6f, 0xf4, 0x35,
    0x3f, 0xbe, 0x25, 0x65, 0x7d, 0x3f, 0xaf, 0x1b, 0x77, 0xff, 0x32, 0xa8,
    0xff, 0xfb, 0x7f, 0x31, 0x5b, 0x3d, 0x9a, 0x1a, 0x92, 0x92, 0x4f, 0x68,
    0x19, 0x89, 0x80, 0x3e, 0xf8, 0xa0, 0x08, 0x00, 0x02, 0x40, 0x0f, 0xbb,
    0xab, 0x40, 0x00, 0x00, 0x00, 0x1f, 0x7d, 0x75, 0x40, 0x00, 0x00, 0x48,
    0x33, 0x6c,
}};
// Per-channel RMS x 1e6, in the decoder's own order
// (L R C LFE Ls Rs).
inline constexpr std::array<std::int32_t, 6> kAc451MusicRms{{
    13224, 18281, 14134, 410, 27346, 17513
}};

// AC-4 5.1 constructed, A-CPL - testdata/ac4/constructed/5_1-acpl1-config1-matsel7.ac4, 5736 bytes, 4 frames.
inline constexpr int kAc451AcplFrames = 4;
inline constexpr std::array<std::uint8_t, 5736> kAc451AcplStream{{
    0xac, 0x41, 0x05, 0x7e, 0x80, 0x08, 0xee, 0x60, 0x00, 0x00, 0x4b, 0xe2,
    0xc2, 0x00, 0x75, 0xb9, 0x00, 0x7c, 0x04, 0x00, 0x0a, 0xd4, 0x58, 0xfe,
    0x97, 0xf6, 0x6a, 0xc2, 0xc9, 0xd4, 0xc8, 0xfc, 0x1e, 0xaf, 0xef, 0x9c,
    0x69, 0xde, 0xc6, 0xd5, 0xf7, 0x77, 0xa2, 0x2b, 0x76, 0xbe, 0x43, 0x57,
    0xdd, 0x5e, 0x56, 0xad, 0xe0, 0x6e, 0x81, 0x57, 0xe0, 0xcf, 0xa8, 0x2b,
    0x78, 0xb3, 0xbe, 0x55, 0xf7, 0xc7, 0xba, 0xeb, 0x74, 0x6f, 0x0f, 0x57,
    0xe9, 0x3e, 0x76, 0xa9, 0xee, 0x6e, 0x09, 0x18, 0x80, 0x0a, 0x01, 0x40,
    0x34, 0x10, 0x0c, 0x06, 0xb3, 0xd5, 0xd6, 0xaf, 0xb0, 0x7d, 0x45, 0x5b,
    0xdc, 0x7e, 0x87, 0xab, 0xec, 0xbf, 0x21, 0x56, 0xf7, 0x9f, 0x8b, 0xea,
    0xfb, 0x7f, 0xbd, 0xd6, 0xf8, 0x1f, 0xdb, 0xaa, 0xfb, 0x07, 0x97, 0x56,
    0xf7, 0xa7, 0x27, 0xab, 0xee, 0x8e, 0x19, 0x5b, 0xe0, 0x9f, 0x07, 0xab,
    0xef, 0x5d, 0xd5, 0x4f, 0x2e, 0x5f, 0xad, 0xc0, 0xa7, 0xd6, 0xf8, 0x35,
    0xe8, 0xf3, 0xbf, 0xee, 0x05, 0x7b, 0x21, 0x57, 0xcb, 0x7c, 0x8a, 0xb7,
    0x9e, 0x7e, 0x0b, 0x55, 0xc5, 0x63, 0xaa, 0x7b, 0x73, 0xdf, 0x15, 0xbd,
    0xd7, 0xf0, 0x6e, 0xae, 0x3e, 0x01, 0xf1, 0x0e, 0xbd, 0x3a, 0xd5, 0xfc,
    0x99, 0xee, 0x5a, 0xde, 0xe5, 0x98, 0xaf, 0x64, 0x68, 0x33, 0xc8, 0x20,
    0xab, 0x9e, 0x26, 0xbf, 0xc2, 0x0f, 0x18, 0x55, 0xf7, 0xbf, 0x0d, 0x5d,
    0xa2, 0x04, 0x85, 0x56, 0x94, 0xad, 0x54, 0xd5, 0xbd, 0xc1, 0xce, 0xea,
    0x78, 0x5d, 0xf5, 0x7d, 0xeb, 0xa5, 0xa9, 0xee, 0x5d, 0xed, 0x7f, 0x06,
    0xe7, 0xea, 0x72, 0xbc, 0x65, 0x7f, 0x74, 0x78, 0x42, 0xa7, 0x97, 0x3b,
    0x8d, 0x7f, 0x00, 0xf5, 0xba, 0x9d, 0x0f, 0xa5, 0xd7, 0xf5, 0x47, 0xc1,
    0xaa, 0x9e, 0x4c, 0xf7, 0xfd, 0x7f, 0x03, 0xfb, 0xa2, 0xa7, 0x52, 0xf6,
    0xad, 0x7e, 0x81, 0xf0, 0x12, 0xa7, 0x1c, 0xf7, 0xa5, 0x7d, 0xff, 0xb9,
    0xaa, 0x69, 0xfd, 0xb5, 0x5f, 0x41, 0xf0, 0x3a, 0xa6, 0x3f, 0xe0, 0x1d,
    0x7c, 0x0f, 0xbe, 0x2a, 0x55, 0xf7, 0x6d, 0x79, 0x9e, 0xe4, 0xa9, 0x17,
    0xdb, 0x75, 0xdf, 0xed, 0x3a, 0x8a, 0xf6, 0x5d, 0x73, 0xfb, 0x0e, 0xa1,
    0x3d, 0x78, 0xa6, 0x88, 0xa9, 0x01, 0x88, 0x11, 0x00, 0x70, 0x06, 0x20,
    0x3a, 0x0a, 0x02, 0xe1, 0x82, 0x45, 0x00, 0xe0, 0x14, 0x04, 0xb7, 0x5d,
    0x6a, 0xfb, 0x73, 0xd8, 0xf5, 0xbd, 0xed, 0xeb, 0x6a, 0xbe, 0xd5, 0xf3,
    0xad, 0x6f, 0x7b, 0x79, 0xb2, 0xaf, 0xb7, 0x3c, 0x73, 0x5b, 0xe0, 0x47,
    0x8d, 0x6a, 0xfa, 0xe7, 0xb6, 0xd6, 0xf7, 0x4f, 0x6d, 0xab, 0xed, 0xbe,
    0xa1, 0x5b, 0xdf, 0xfd, 0x3e, 0xaf, 0xb1, 0xfa, 0x25, 0x4f, 0x83, 0xbc,
    0x16, 0xb7, 0x03, 0x9f, 0x5b, 0xe0, 0xc7, 0xa3, 0xce, 0xff, 0xb8, 0x46,
    0xbe, 0x42, 0xa7, 0x6e, 0xd9, 0xd7, 0xd6, 0xfc, 0x02, 0xad, 0x88, 0xc6,
    0xd7, 0xf6, 0xef, 0xbe, 0x2a, 0xfb, 0xcf, 0xe0, 0xe5, 0x6c, 0xd4, 0x32,
    0x72, 0xf6, 0xa9, 0x56, 0xad, 0x4f, 0x25, 0xfb, 0x96, 0xaf, 0xb9, 0x66,
    0x0d, 0x6c, 0x8d, 0x38, 0x52, 0x44, 0xa5, 0x73, 0xc4, 0xd7, 0xf8, 0x41,
    0xe3, 0x0a, 0xbe, 0xf7, 0xe1, 0xab, 0xb4, 0x45, 0xa4, 0x05, 0x99, 0x8b,
    0x56, 0xa1, 0x6a, 0xfb, 0x83, 0x9e, 0x57, 0xf0, 0xbb, 0xeb, 0x7b, 0x06,
    0x45, 0x7f, 0x81, 0x39, 0x0a, 0x9e, 0x2d, 0xa5, 0x5f, 0xa3, 0x40, 0xa9,
    0xef, 0xec, 0x6d, 0x7f, 0x3a, 0xd2, 0xa9, 0xe1, 0x97, 0xd7, 0xeb, 0x01,
    0x3b, 0x9f, 0x07, 0x2b, 0x7a, 0x99, 0xb5, 0x7c, 0x95, 0x42, 0xb7, 0x80,
    0x6e, 0xd5, 0xf7, 0x57, 0x2e, 0xad, 0xe7, 0x0e, 0x7d, 0x57, 0xc1, 0x3d,
    0x2e, 0xb7, 0x2e, 0xea, 0x95, 0x7a, 0x37, 0xb7, 0xea, 0x3f, 0xdd, 0x95,
    0xf9, 0xe7, 0xbd, 0xea, 0x78, 0x6b, 0xdf, 0xf5, 0xfc, 0xbb, 0xf0, 0x16,
    0xa7, 0xa3, 0xbe, 0x05, 0xd7, 0xf5, 0xa7, 0xc0, 0xfa, 0x9e, 0xd0, 0xf8,
    0x25, 0x5f, 0xdc, 0xbf, 0x05, 0x2a, 0x7b, 0xd7, 0xe0, 0xb2, 0x92, 0x22,
    0xa4, 0x06, 0x40, 0x44, 0x01, 0xc0, 0x18, 0x80, 0xe8, 0x28, 0x0b, 0x86,
    0x09, 0x14, 0x03, 0x80, 0x68, 0x20, 0x18, 0x1e, 0xba, 0xd5, 0xf7, 0x87,
    0xb7, 0xeb, 0x7c, 0x03, 0xf6, 0x85, 0x5f, 0x6b, 0x7a, 0x2e, 0xb7, 0xba,
    0x7c, 0xff, 0x57, 0xdf, 0xde, 0x75, 0xad, 0xf0, 0x5b, 0xcd, 0x55, 0x7d,
    0xd7, 0xe3, 0x5a, 0xdf, 0x00, 0xfc, 0x59, 0x57, 0xdb, 0x7d, 0xfa, 0xb7,
    0xbd, 0x3b, 0x95, 0x5f, 0x66, 0xf4, 0x5a, 0xde, 0xe3, 0xe5, 0x95, 0x7d,
    0xe9, 0xbd, 0x3b, 0xfe, 0xf8, 0xa9, 0xe6, 0xce, 0x73, 0x5f, 0xbe, 0x7b,
    0x8e, 0xb3, 0xb8, 0x75, 0x5e, 0x01, 0xf0, 0x3e, 0xb6, 0x23, 0x1b, 0x5f,
    0xdb, 0xbe, 0xf8, 0xab, 0xef, 0x7f, 0x83, 0x55, 0xb4, 0x8f, 0x19, 0x17,
    0x35, 0x7a, 0x75, 0xab, 0xf9, 0x33, 0xdc, 0xb5, 0xbd, 0xcb, 0x30, 0x6b,
    0xe4, 0x68, 0x33, 0xd4, 0xf7, 0x66, 0x96, 0xbf, 0x99, 0xb1, 0xb5, 0x3c,
    0x33, 0x7e, 0xbf, 0x6d, 0xb1, 0x53, 0xe0, 0x97, 0x01, 0xaf, 0xef, 0xbd,
    0xfd, 0x4f, 0x7c, 0xef, 0x6b, 0xfb, 0x97, 0x07, 0x03, 0x56, 0xa1, 0xaa,
    0xfb, 0x83, 0x9d, 0xd7, 0xf0, 0xbb, 0xeb, 0x7a, 0xcf, 0x03, 0x5f, 0xe0,
    0xce, 0x82, 0xa7, 0x90, 0x70, 0x35, 0xfa, 0xec, 0xda, 0x9f, 0x04, 0x35,
    0x35, 0xfd, 0x39, 0x8f, 0xa9, 0xe4, 0xeb, 0x75, 0xfc, 0x2d, 0x36, 0xa7,
    0xc0, 0x4c, 0x45, 0x7f, 0x5f, 0x53, 0xa9, 0xe8, 0x78, 0x27, 0x9f, 0xcb,
    0x47, 0x67, 0xe0, 0x4d, 0x6f, 0x6b, 0x43, 0xab, 0xea, 0xaa, 0x55, 0xbd,
    0x0b, 0x7a, 0xaf, 0xc0, 0xed, 0x4d, 0x6f, 0x72, 0x6c, 0xea, 0xfb, 0x03,
    0x79, 0x5b, 0xd3, 0xfc, 0x12, 0xaf, 0xbd, 0x79, 0x9d, 0x6f, 0x69, 0xf3,
    0xaa, 0xbe, 0xb5, 0xe8, 0x15, 0xbd, 0x33, 0xd1, 0x6a, 0xfa, 0x03, 0xa4,
    0xd6, 0xf3, 0x4f, 0x4c, 0x52, 0x4a, 0x22, 0x54, 0x0c, 0x80, 0xc4, 0x07,
    0x41, 0x40, 0x5c, 0x03, 0x40, 0xc0, 0x10, 0x00, 0x70, 0x10, 0x0e, 0x21,
    0x1a, 0xc1, 0x75, 0xab, 0xec, 0x6f, 0x50, 0xd6, 0xf7, 0x8f, 0xa0, 0x6a,
    0xfb, 0x83, 0xc7, 0x55, 0xbe, 0x0a, 0x78, 0x96, 0xaf, 0xb2, 0x7a, 0xa5,
    0x6f, 0x80, 0x3d, 0x22, 0xaf, 0xaf, 0xf8, 0x9d, 0x6f, 0x7d, 0xf0, 0xda,
    0xbe, 0xba, 0xd4, 0x56, 0xf7, 0x1e, 0x8e, 0xaf, 0x9f, 0x31, 0x35, 0x7d,
    0xcc, 0x9a, 0xdc, 0x0e, 0x85, 0x6f, 0x83, 0x3e, 0x8e, 0x3b, 0xfe, 0xe1,
    0x1a, 0xf9, 0x0a, 0xbf, 0x07, 0x6f, 0x56, 0xf6, 0x84, 0x2a, 0xbe, 0xe5,
    0x87, 0x5b, 0xc7, 0x25, 0xab, 0xf0, 0x10, 0xe7, 0x9f, 0xca, 0x75, 0x3e,
    0x00, 0x68, 0x6b, 0xf6, 0x1e, 0x1f, 0x5b, 0x86, 0x73, 0xaa, 0xbe, 0x5d,
    0xec, 0x75, 0xbc, 0xfd, 0xd2, 0xea, 0xfb, 0x3f, 0xae, 0xd6, 0xf7, 0x47,
    0x47, 0xa9, 0xe4, 0xec, 0x8e, 0xa4, 0x59, 0x70, 0xc4, 0xd4, 0xf8, 0x41,
    0xe3, 0x0a, 0xde, 0xf7, 0xe1, 0xab, 0xac, 0x40, 0x8f, 0x2a, 0x35, 0xbe,
    0x10, 0x73, 0xda, 0xbe, 0x5f, 0xdb, 0xd6, 0xed, 0xf8, 0xca, 0xbc, 0xa2,
    0x75, 0x6f, 0x7c, 0xea, 0x6a, 0xf9, 0xbd, 0xf5, 0xfc, 0x15, 0x36, 0xa7,
    0x3f, 0xc7, 0x57, 0xf7, 0x4f, 0x99, 0x6a, 0x79, 0x07, 0xd2, 0x75, 0xf9,
    0xaf, 0xac, 0x2a, 0x52, 0xf6, 0x1d, 0x5d, 0x4f, 0xc0, 0xfa, 0xdc, 0xcf,
    0xe0, 0xbd, 0x5e, 0xc5, 0xf0, 0x6a, 0xb7, 0x80, 0x7e, 0x0d, 0xd5, 0xf0,
    0xaf, 0xc1, 0x9a, 0xde, 0x23, 0xf8, 0x2d, 0x57, 0xc5, 0x7f, 0x04, 0x6b,
    0x78, 0xbf, 0xe0, 0x65, 0x5f, 0x18, 0xfc, 0x06, 0xad, 0xe3, 0x0f, 0x80,
    0x15, 0x7c, 0x5d, 0xef, 0x9a, 0xde, 0x2b, 0xf7, 0x95, 0x5f, 0x13, 0xfb,
    0xae, 0xb7, 0x88, 0xbd, 0xc9, 0x57, 0xc3, 0xbe, 0xdd, 0xad, 0xe1, 0x7f,
    0x6b, 0x55, 0xf0, 0x97, 0xb3, 0xeb, 0x78, 0x33, 0xd9, 0x0a, 0x88, 0xaa,
    0xa8, 0x03, 0x10, 0x22, 0x00, 0x44, 0x40, 0x60, 0x65, 0x00, 0xa8, 0x12,
    0x01, 0xb0, 0x28, 0x06, 0xbe, 0xba, 0xd5, 0xf8, 0x07, 0xf0, 0x32, 0xb7,
    0xbf, 0x3e, 0x0b, 0x55, 0xf5, 0xd7, 0xb8, 0x2b, 0x7a, 0xdb, 0xdd, 0x95,
    0x7d, 0x69, 0xef, 0x8a, 0xde, 0xb2, 0xf8, 0x0d, 0x57, 0xd6, 0x3f, 0x04,
    0xeb, 0x7a, 0xbb, 0xe0, 0xfd, 0x5f, 0x3a, 0x7b, 0x8e, 0xb7, 0x99, 0xfd,
    0xc3, 0x57, 0xcf, 0x9f, 0x03, 0x6b, 0x78, 0xf3, 0xd9, 0x95, 0x7c, 0x3b,
    0xee, 0xba, 0xbe, 0xad, 0xf6, 0x75, 0x6e, 0x25, 0xd1, 0x2a, 0xf9, 0x0f,
    0xdc, 0x75, 0xb1, 0x9c, 0x36, 0xaf, 0x26, 0xf8, 0x1d, 0x5b, 0x13, 0x8d,
    0xaf, 0xed, 0xdf, 0x7c, 0x55, 0xf7, 0x97, 0xc1, 0xba, 0xd9, 0xc8, 0x15,
    0x7e, 0x0d, 0xf9, 0x1e, 0xb7, 0x3a, 0xe2, 0x95, 0x69, 0x5f, 0xa9, 0x24,
    0x35, 0xbc, 0x9d, 0x8d, 0xab, 0xe9, 0x5d, 0xc5, 0x6f, 0x62, 0x70, 0x1a,
    0xbe, 0xed, 0xdd, 0x56, 0xf3, 0x56, 0x22, 0xaf, 0xa2, 0xeb, 0xd6, 0xf5,
    0x9c, 0x03, 0xc9, 0xee, 0x5a, 0xfe, 0x73, 0x8b, 0x53, 0xd4, 0xf7, 0x6b,
    0xfb, 0x7f, 0x1b, 0x57, 0xdd, 0x6f, 0x5e, 0xad, 0x50, 0xd5, 0xbd, 0xc1,
    0xce, 0xea, 0x78, 0x5d, 0xf5, 0x7d, 0x81, 0x5a, 0xa7, 0xc0, 0xfc, 0xbd,
    0x7f, 0x1b, 0x58, 0xa9, 0xd4, 0xe2, 0x57, 0xf7, 0x8e, 0x32, 0xa7, 0xa0,
    0x28, 0xd7, 0xf1, 0xa3, 0x8f, 0x27, 0x7e, 0x5a, 0xbe, 0x0a, 0xd5, 0xf6,
    0x53, 0xab, 0x7a, 0x42, 0x65, 0x5f, 0x31, 0x55, 0xad, 0xf0, 0x53, 0x47,
    0x57, 0xdc, 0x1a, 0xaa, 0xde, 0xb4, 0xd7, 0x55, 0xf4, 0x76, 0xca, 0xb7,
    0xc1, 0xde, 0x57, 0x57, 0xde, 0x9c, 0xb6, 0xb7, 0xb4, 0x79, 0x75, 0x5f,
    0x58, 0xf2, 0xea, 0xdf, 0x03, 0xbb, 0x0d, 0x5f, 0x77, 0x76, 0x0a, 0xde,
    0xd1, 0xeb, 0xf5, 0x7d, 0x6f, 0xd7, 0x6b, 0x7a, 0x7f, 0xad, 0xd5, 0xf4,
    0x57, 0x59, 0x4e, 0x4d, 0x18, 0x80, 0x64, 0x0c, 0x80, 0xc4, 0x07, 0x40,
    0x48, 0x04, 0xc6, 0x30, 0x08, 0x80, 0x38, 0x08, 0x06, 0x10, 0x8c, 0x00,
    0x00, 0x00, 0x0f, 0x80, 0x00, 0x00, 0x7c, 0x00, 0x00, 0x07, 0x7b, 0xe3,
    0xbd, 0xf0, 0x00, 0x00, 0xf8, 0x00, 0x00, 0x0e, 0xf7, 0xc0, 0xb7, 0x00,
    0x00, 0xb7, 0x00, 0x00, 0x00, 0x20, 0x29, 0xa0, 0xac, 0x41, 0x05, 0x9e,
    0x80, 0x18, 0xea, 0x60, 0x00, 0x00, 0x0b, 0xe0, 0xc2, 0x00, 0x76, 0x39,
    0x00, 0x7c, 0x04, 0x00, 0x0b, 0x14, 0x5e, 0xcd, 0x58, 0x59, 0x1a, 0x99,
    0x3f, 0x81, 0xf5, 0xfe, 0x02, 0xe2, 0xce, 0xf6, 0x3e, 0xaf, 0xbe, 0x7c,
    0xfb, 0x5b, 0xb8, 0x71, 0xea, 0xbe, 0xf2, 0xf2, 0x95, 0x6f, 0x04, 0x74,
    0x0a, 0xbf, 0x04, 0x7d, 0x5b, 0x5b, 0xc3, 0x5e, 0x10, 0xab, 0xe6, 0xff,
    0x7b, 0xd6, 0xab, 0xe5, 0x2a, 0xfe, 0x63, 0xf5, 0xe5, 0x4f, 0x7d, 0x78,
    0xe6, 0x31, 0x00, 0x14, 0x02, 0x80, 0x68, 0x24, 0x30, 0x35, 0x9e, 0xae,
    0xb5, 0xb3, 0xfe, 0x3a, 0xaf, 0xd5, 0xfd, 0xd7, 0x53, 0xbb, 0x7a, 0x1a,
    0xbf, 0x98, 0xbd, 0xd3, 0x53, 0xcc, 0xbe, 0xc8, 0xaf, 0xeb, 0xcf, 0x83,
    0xb5, 0x3c, 0xdb, 0xea, 0xda, 0xfe, 0xb3, 0xf7, 0x95, 0x4f, 0x5f, 0x7b,
    0xc6, 0xbf, 0xbc, 0xfe, 0x09, 0x54, 0xf0, 0x7f, 0x6f, 0xa9, 0xe4, 0xef,
    0x73, 0x9c, 0x7b, 0xb5, 0xee, 0xfb, 0xe6, 0xb7, 0xbc, 0xf8, 0xd2, 0xdf,
    0x93, 0xa9, 0xca, 0x3c, 0x93, 0x5e, 0xef, 0xc2, 0x0a, 0xd8, 0x7c, 0x7d,
    0x7f, 0x6d, 0x7b, 0xee, 0xaf, 0xbc, 0xbe, 0x0c, 0xd6, 0xd0, 0x02, 0x43,
    0x62, 0xf7, 0x66, 0xbd, 0x1f, 0x80, 0xd5, 0xbd, 0xef, 0xe4, 0x85, 0x9b,
    0x28, 0x82, 0x31, 0xe3, 0x11, 0xf5, 0x87, 0x07, 0x57, 0xdd, 0xfc, 0x4e,
    0xbf, 0xc0, 0x9c, 0x62, 0xbb, 0x14, 0x22, 0xc5, 0x14, 0x7d, 0xd5, 0x25,
    0xda, 0xbc, 0xd7, 0xe0, 0x75, 0x7d, 0x4e, 0x62, 0xb7, 0x9d, 0xbc, 0xed,
    0x5f, 0xcb, 0x3f, 0x06, 0x2a, 0x73, 0xff, 0x3b, 0x57, 0xdc, 0xf8, 0x42,
    0xa7, 0x4d, 0xf8, 0x11, 0x5f, 0x88, 0xfa, 0x86, 0xa6, 0xa7, 0xcb, 0x35,
    0xf1, 0x9e, 0x25, 0xa9, 0xa9, 0xf7, 0x25, 0x7c, 0x47, 0xaa, 0x6a, 0x4c,
    0xf3, 0xcd, 0x71, 0x79, 0x46, 0xb2, 0x7e, 0x00, 0x55, 0xaf, 0xed, 0x1a,
    0xd8, 0xbf, 0x54, 0x55, 0xcd, 0x7a, 0x16, 0xb7, 0x16, 0xf8, 0x25, 0x57,
    0x92, 0x7b, 0xa6, 0xb7, 0x30, 0xf6, 0x2d, 0x5e, 0x73, 0xea, 0x5a, 0xdd,
    0xeb, 0xdf, 0xb5, 0x7c, 0x05, 0xed, 0xaa, 0xde, 0x09, 0xf5, 0xdd, 0x5f,
    0x07, 0xfa, 0x7e, 0xb7, 0x85, 0x3d, 0x0b, 0x57, 0xc3, 0x1e, 0x6c, 0x4b,
    0x15, 0x46, 0x82, 0x80, 0x42, 0x30, 0x05, 0x80, 0x60, 0x03, 0xa0, 0x40,
    0xd0, 0x10, 0x10, 0x00, 0x88, 0x30, 0x62, 0x11, 0xae, 0xb5, 0xb9, 0xcf,
    0x9d, 0xeb, 0xef, 0xfe, 0x0e, 0x54, 0xe9, 0xfe, 0xa0, 0xaf, 0xe4, 0x5f,
    0x80, 0x55, 0x3c, 0x5b, 0xea, 0x3a, 0xfe, 0x86, 0xf7, 0x9d, 0x4f, 0x3c,
    0xfb, 0x1a, 0xbf, 0xb3, 0xfe, 0x08, 0xd4, 0xf5, 0x67, 0xb3, 0xab, 0xfb,
    0x93, 0xda, 0xf5, 0x39, 0x16, 0x5e, 0xa7, 0x9a, 0xfe, 0x09, 0x1c, 0x7b,
    0xb5, 0xee, 0xfb, 0xe6, 0xb7, 0xbc, 0xf8, 0xd2, 0xd7, 0x93, 0xa9, 0xe1,
    0xde, 0x61, 0x5b, 0xc8, 0xdf, 0x08, 0x6a, 0xe2, 0x71, 0xd5, 0x3d, 0xb5,
    0xef, 0xba, 0xde, 0xef, 0xf8, 0x39, 0x57, 0x3c, 0x76, 0x7d, 0x4a, 0xc5,
    0xaa, 0x94, 0x7e, 0x03, 0x55, 0xf7, 0xbf, 0x92, 0x16, 0x5c, 0xa2, 0x0e,
    0xd4, 0x9f, 0x2e, 0xb4, 0xe0, 0xaa, 0xfb, 0xbf, 0x89, 0x57, 0xf8, 0x15,
    0x8f, 0x5d, 0x23, 0x2d, 0xe1, 0x30, 0x83, 0xda, 0xb0, 0xee, 0xd6, 0xe6,
    0xdf, 0x03, 0xaa, 0x6a, 0xb3, 0x15, 0x7c, 0x2b, 0xe8, 0x2a, 0x9e, 0x9a,
    0xf8, 0x3f, 0x5f, 0xbb, 0xf9, 0xf6, 0xa7, 0x28, 0xf0, 0xb5, 0x7f, 0x17,
    0xfc, 0x15, 0xa9, 0xd9, 0x3d, 0x5b, 0x5f, 0x97, 0xf9, 0x96, 0xa7, 0x09,
    0xf1, 0x85, 0x7e, 0x9b, 0xef, 0x9a, 0x9c, 0x87, 0xd7, 0xb5, 0xf7, 0xbe,
    0x8d, 0xa9, 0x9f, 0xf3, 0x35, 0x7d, 0x3f, 0xb8, 0x2a, 0x61, 0xbd, 0x6f,
    0x5e, 0x47, 0xa5, 0x0a, 0xc7, 0x9d, 0x6a, 0xc9, 0xf8, 0x01, 0x5b, 0x07,
    0xed, 0xea, 0xb9, 0x6f, 0x5f, 0xd6, 0xd2, 0xfa, 0x8e, 0xaf, 0x11, 0xf8,
    0x01, 0x5b, 0x8e, 0xfb, 0x8e, 0xaf, 0x26, 0xf6, 0x45, 0x6e, 0x5b, 0xeb,
    0x0a, 0xbc, 0xcf, 0xd3, 0x55, 0xb9, 0xc7, 0xa1, 0x92, 0x05, 0x1a, 0xa8,
    0x48, 0x04, 0x03, 0x00, 0xe8, 0x0c, 0x80, 0x74, 0x08, 0x1a, 0x02, 0x02,
    0x00, 0x11, 0x06, 0x0c, 0x88, 0xd7, 0x5a, 0xde, 0xe7, 0xf8, 0x09, 0x57,
    0xd9, 0x9f, 0x08, 0xab, 0x79, 0xf7, 0xdf, 0x75, 0x7c, 0xcd, 0xf0, 0x66,
    0xb7, 0x89, 0xfd, 0xe7, 0x57, 0xc2, 0x5f, 0x04, 0x6b, 0x75, 0xef, 0x76,
    0xd5, 0xe9, 0x3f, 0x02, 0xeb, 0x71, 0xaf, 0x74, 0x55, 0xdf, 0xfc, 0x04,
    0xad, 0x8d, 0xf6, 0xf5, 0x50, 0x7b, 0xca, 0xa6, 0x6b, 0xdf, 0x55, 0xfa,
    0x37, 0xb7, 0xea, 0x78, 0x67, 0xc1, 0x95, 0xbe, 0x00, 0x77, 0x2a, 0xb9,
    0x4d, 0xad, 0x6e, 0x5b, 0xef, 0xea, 0xb8, 0x8c, 0x75, 0x4f, 0x6d, 0x7b,
    0xea, 0xb7, 0xbb, 0xbe, 0x10, 0xd5, 0xcc, 0x4a, 0x8a, 0xc1, 0x7b, 0xb3,
    0x5e, 0x8f, 0xc0, 0x6a, 0xde, 0xf7, 0xf2, 0x42, 0xcd, 0x94, 0x41, 0x1a,
    0xf5, 0x3c, 0xdd, 0xee, 0x4a, 0xfd, 0xe3, 0xc8, 0x15, 0x39, 0x67, 0x50,
    0xaf, 0xb6, 0xdb, 0xd4, 0xf1, 0xa6, 0xca, 0xb6, 0xf3, 0xc9, 0xd5, 0xf7,
    0x3f, 0x06, 0x2a, 0xf4, 0xfe, 0x0c, 0x03, 0x55, 0x89, 0x76, 0xb7, 0x35,
    0xf8, 0x1d, 0x53, 0x53, 0x98, 0xab, 0xe5, 0x8f, 0x21, 0x54, 0xf3, 0x6f,
    0xbb, 0xeb, 0xf4, 0xff, 0x27, 0x54, 0xe0, 0xdd, 0xa2, 0xbf, 0x82, 0xbd,
    0xc5, 0x53, 0xa1, 0xf9, 0xc6, 0xbf, 0x14, 0xf1, 0x25, 0x4d, 0xa7, 0x6e,
    0xaf, 0xd9, 0xfd, 0xd7, 0x53, 0x9e, 0xfa, 0x86, 0xbf, 0x1d, 0xf3, 0x3d,
    0x4e, 0x0d, 0xe3, 0xaa, 0xfd, 0x77, 0xe0, 0xad, 0x4e, 0x85, 0xed, 0xda,
    0xfc, 0xb7, 0xd5, 0xf5, 0x38, 0xef, 0xa2, 0x6b, 0xf5, 0x4f, 0x82, 0xb5,
    0x3a, 0x2f, 0xbb, 0x6b, 0xf3, 0x9f, 0x66, 0x54, 0xe6, 0x1e, 0xae, 0xaf,
    0xd6, 0xbe, 0x06, 0xd4, 0xea, 0x7e, 0xf1, 0xaf, 0xd3, 0x7d, 0xb1, 0x53,
    0xa4, 0x7b, 0x0a, 0xbf, 0x45, 0xf5, 0x75, 0x4e, 0x85, 0xe9, 0xd4, 0xf4,
    0x44, 0x44, 0xa8, 0x10, 0x80, 0xc4, 0x07, 0x40, 0x81, 0x80, 0x20, 0x05,
    0x00, 0x29, 0x00, 0x44, 0x12, 0x0c, 0x19, 0x1a, 0xc1, 0x75, 0xab, 0xe7,
    0x3e, 0x8b, 0x5f, 0xe0, 0x5e, 0x66, 0xa7, 0xa3, 0xb9, 0x9d, 0x7f, 0x72,
    0xf8, 0x7a, 0xa7, 0xaf, 0x7c, 0x5d, 0x5f, 0xe0, 0x5f, 0xa0, 0xaa, 0x7b,
    0x57, 0xce, 0x15, 0xfe, 0x0f, 0xfa, 0xea, 0xa7, 0xb7, 0xfd, 0x19, 0x5f,
    0xe0, 0x97, 0xa9, 0x2a, 0x77, 0xee, 0x11, 0x53, 0xc2, 0xbe, 0xea, 0x38,
    0xf7, 0x6b, 0xdd, 0xf7, 0xcd, 0x6f, 0x79, 0xf1, 0xa5, 0xbf, 0x27, 0x53,
    0xd8, 0x1f, 0x02, 0x2b, 0xfa, 0x17, 0xc2, 0xd5, 0x3d, 0xcd, 0xe4, 0xfa,
    0xfe, 0x56, 0xec, 0xb5, 0x3d, 0xe9, 0xe3, 0xca, 0xfe, 0x9a, 0xed, 0xb5,
    0x3e, 0x08, 0x78, 0x3e, 0xbf, 0xb9, 0x7a, 0xcd, 0x4f, 0x68, 0xf3, 0x3a,
    0xfe, 0xce, 0xe3, 0x35, 0x3e, 0x0b, 0x71, 0xaa, 0xff, 0x07, 0xf8, 0x55,
    0x4f, 0x81, 0xba, 0xfa, 0xde, 0x81, 0x06, 0xed, 0x05, 0x9b, 0x05, 0x5b,
    0xdd, 0xfc, 0x4a, 0xa7, 0xc0, 0x9c, 0x6a, 0xd7, 0x19, 0x60, 0x01, 0x5f,
    0xa9, 0xef, 0x1c, 0x55, 0x7f, 0x20, 0x44, 0x39, 0x1d, 0x66, 0xb7, 0x16,
    0x0d, 0x5f, 0x7a, 0xf0, 0x1a, 0xde, 0x5c, 0xe3, 0x95, 0x7b, 0x4f, 0x2c,
    0xad, 0xc3, 0xb9, 0xbd, 0x5e, 0x41, 0xed, 0x9a, 0x98, 0x5f, 0x72, 0x57,
    0xe8, 0x3e, 0xeb, 0xa9, 0xe0, 0xcf, 0x77, 0xd7, 0xf1, 0xff, 0xbc, 0x6a,
    0x79, 0x8b, 0xde, 0x35, 0xfc, 0xf9, 0xef, 0x0a, 0x9e, 0x8e, 0xf7, 0x75,
    0x7f, 0x4d, 0xfb, 0xb2, 0xa7, 0xa9, 0x3d, 0xd1, 0x5f, 0xd5, 0x5e, 0xe5,
    0xa9, 0xea, 0xef, 0x70, 0xd7, 0xf7, 0x67, 0xc2, 0x0a, 0x9e, 0xed, 0xf8,
    0x37, 0x5f, 0xdd, 0xbf, 0x05, 0xaa, 0x7b, 0xaf, 0xe0, 0x8d, 0x7f, 0x74,
    0xfc, 0x0d, 0xa9, 0xee, 0x7f, 0x81, 0x15, 0xfd, 0xc7, 0xf0, 0x0e, 0xa7,
    0xb8, 0x3d, 0xfd, 0x5f, 0xdb, 0x9e, 0xf9, 0xa9, 0xed, 0x8f, 0x7a, 0x27,
    0x8a, 0xaa, 0xa1, 0x40, 0x20, 0x18, 0x02, 0x61, 0x86, 0x4c, 0x02, 0x90,
    0x40, 0x02, 0x80, 0x4c, 0x1b, 0x75, 0xd6, 0xb7, 0xbb, 0xfd, 0xeb, 0x57,
    0xdd, 0x5e, 0xfc, 0xad, 0xee, 0x7f, 0x80, 0xb5, 0x7d, 0xcb, 0xf0, 0x3e,
    0xb7, 0xaa, 0x3d, 0xb1, 0x57, 0xd5, 0x1e, 0xe3, 0xad, 0xea, 0x8f, 0x76,
    0xd5, 0xf5, 0x47, 0xbd, 0xeb, 0x7a, 0x9b, 0xdf, 0xd5, 0x7d, 0x41, 0xf0,
    0x02, 0xb7, 0xa4, 0x7d, 0xef, 0x57, 0xce, 0x1e, 0xd4, 0xad, 0xe7, 0xdf,
    0x74, 0xd5, 0xe0, 0xdc, 0x4e, 0xae, 0xe3, 0x99, 0xd6, 0xf2, 0x5f, 0xc0,
    0x7a, 0xb8, 0x9e, 0x17, 0x5b, 0x91, 0x7c, 0x0f, 0xab, 0x88, 0xc7, 0x54,
    0xf6, 0xd7, 0xbe, 0xeb, 0x7b, 0xbf, 0xe0, 0xf5, 0x5c, 0xdc, 0x1a, 0xde,
    0xe1, 0xf1, 0x8d, 0x5e, 0x67, 0xc6, 0x2b, 0x61, 0xb2, 0xc6, 0xd6, 0xc5,
    0x4f, 0x02, 0x7a, 0x7a, 0xbf, 0x9d, 0xfd, 0x25, 0x53, 0xd6, 0x5e, 0xb8,
    0xaf, 0xed, 0x9f, 0x7d, 0xd4, 0xf0, 0x4f, 0x8d, 0xeb, 0xf8, 0x6f, 0xce,
    0x15, 0x3c, 0x65, 0xeb, 0x5a, 0xfe, 0x4f, 0xf8, 0x13, 0x53, 0xae, 0xf9,
    0xca, 0xbf, 0x79, 0xf5, 0xbd, 0x4f, 0x0b, 0x7b, 0x9a, 0xbf, 0x86, 0xf9,
    0x38, 0x0d, 0xd5, 0x25, 0xda, 0xbc, 0xd7, 0xe0, 0x75, 0x7d, 0x4e, 0x62,
    0xb7, 0x90, 0xbc, 0xa3, 0x5f, 0xcf, 0xfe, 0xf9, 0xa9, 0xd8, 0xbc, 0xaf,
    0x5f, 0x8d, 0x77, 0x0a, 0x9e, 0x41, 0xf7, 0xad, 0x7e, 0xf1, 0xe8, 0x0a,
    0x9d, 0x23, 0xc6, 0x15, 0xf9, 0x2f, 0x76, 0xa9, 0xe5, 0xbf, 0x7c, 0xd7,
    0xf1, 0x5f, 0xa9, 0xea, 0x78, 0x17, 0xcc, 0xf5, 0xfb, 0x3f, 0x8d, 0x2a,
    0x7a, 0x2b, 0xdf, 0xb5, 0xfc, 0xc7, 0xeb, 0xba, 0x9e, 0x41, 0xf4, 0x1d,
    0x7f, 0x12, 0x79, 0x56, 0xa7, 0xb0, 0xbd, 0xf3, 0x5f, 0xd3, 0xbe, 0xbf,
    0xa9, 0xe7, 0xdf, 0x46, 0xd7, 0xf3, 0x07, 0x98, 0x6a, 0x7b, 0x8f, 0xda,
    0x35, 0xfd, 0x83, 0xe9, 0xea, 0x9e, 0xa2, 0xf3, 0x8d, 0x7f, 0x43, 0x79,
    0x26, 0xa7, 0x9b, 0x3c, 0x4b, 0x5f, 0xca, 0xbe, 0x04, 0x51, 0xa7, 0x30,
    0x3c, 0x08, 0x00, 0x62, 0x03, 0xa0, 0x25, 0x01, 0xb0, 0xa2, 0x80, 0x4a,
    0x00, 0x88, 0x24, 0x18, 0x31, 0x08, 0x00, 0x00, 0x00, 0x7c, 0x00, 0x00,
    0x03, 0xe0, 0x00, 0x00, 0x3b, 0xdf, 0x1d, 0xef, 0x80, 0x00, 0x3e, 0x00,
    0x00, 0x03, 0xbd, 0xf0, 0x40, 0x80, 0x40, 0x80, 0x00, 0x20, 0xc2, 0x60,
    0xac, 0x41, 0x05, 0xb6, 0x80, 0x28, 0xea, 0x60, 0x00, 0x00, 0x0b, 0xe0,
    0xc2, 0x00, 0x76, 0x99, 0x00, 0x7c, 0x04, 0x00, 0x0b, 0x44, 0x5e, 0xcd,
    0x58, 0x78, 0xfa, 0x99, 0x5f, 0x80, 0x15, 0xfe, 0x08, 0x62, 0x4e, 0xd6,
    0x46, 0xaf, 0xc0, 0x4f, 0x39, 0xd6, 0xee, 0xbc, 0x6a, 0xaf, 0xbe, 0x7c,
    0x99, 0x5b, 0xc1, 0x3d, 0x06, 0xaf, 0xc0, 0x8f, 0x5c, 0xd6, 0xf0, 0x3f,
    0x88, 0xea, 0xf7, 0xcf, 0x7b, 0x54, 0xd3, 0x79, 0xba, 0xbf, 0xa7, 0x3d,
    0xad, 0x53, 0xe0, 0x07, 0x9e, 0x23, 0x10, 0x01, 0x40, 0x28, 0x06, 0x83,
    0x08, 0x06, 0xb3, 0xd5, 0xd6, 0xb7, 0xad, 0xbd, 0xa3, 0x57, 0xd3, 0xde,
    0xf0, 0xad, 0xe5, 0x8f, 0x6a, 0x55, 0xf2, 0x47, 0xbe, 0x2b, 0x78, 0x4b,
    0xdc, 0x35, 0x7c, 0x0d, 0xf0, 0x36, 0xb7, 0x41, 0xf5, 0xed, 0x5e, 0x71,
    0xee, 0xaa, 0xdc, 0x6f, 0xda, 0xd5, 0x78, 0xa7, 0xba, 0x2b, 0x70, 0x2f,
    0x27, 0xd4, 0xe5, 0x5f, 0x08, 0x50, 0xbc, 0x01, 0x5b, 0xf8, 0x1b, 0x5b,
    0xa4, 0xfc, 0x04, 0xaf, 0x04, 0x15, 0x34, 0x5e, 0x95, 0xad, 0xd3, 0xbe,
    0x00, 0xd5, 0xc4, 0x63, 0x6a, 0x7b, 0x5f, 0xdf, 0xb5, 0xbd, 0x63, 0xee,
    0x4a, 0xb9, 0x39, 0x4d, 0x2d, 0x4b, 0xcd, 0x8a, 0xb5, 0xbd, 0xf1, 0x53,
    0xdc, 0xde, 0x19, 0x58, 0x32, 0x28, 0x14, 0x6d, 0x22, 0x40, 0x73, 0xb0,
    0x35, 0xbd, 0xc1, 0xed, 0x6a, 0x9e, 0xfa, 0xef, 0x27, 0x6e, 0x22, 0xe8,
    0x02, 0xde, 0x3f, 0x2a, 0x3e, 0xfd, 0x4f, 0x0e, 0x7c, 0x20, 0xad, 0xc9,
    0x73, 0x75, 0xfd, 0x83, 0xe0, 0x5a, 0xdf, 0x00, 0xbd, 0x5f, 0x57, 0xc4,
    0x7e, 0x1f, 0xad, 0xce, 0x7a, 0x2d, 0x5f, 0x61, 0xfc, 0x0e, 0xad, 0xe3,
    0x0f, 0x48, 0x55, 0xe9, 0x1e, 0x3c, 0xad, 0xba, 0xf0, 0x15, 0x5e, 0x21,
    0xf0, 0x66, 0xa4, 0x8f, 0x66, 0x57, 0xe2, 0x7e, 0x92, 0xa9, 0xd4, 0x3c,
    0xcb, 0x5f, 0xd4, 0x9f, 0x07, 0xaa, 0x7b, 0x57, 0xde, 0x15, 0xfd, 0xf3,
    0xec, 0xba, 0x9f, 0x04, 0xbd, 0x59, 0x5f, 0xdc, 0x5e, 0x62, 0xa9, 0xee,
    0xef, 0x27, 0xd7, 0xf7, 0xb7, 0x90, 0x2a, 0x7b, 0xef, 0xc6, 0x75, 0xfd,
    0xff, 0xe2, 0x7a, 0x9f, 0x00, 0x7c, 0x3d, 0x5f, 0xe0, 0x0f, 0x85, 0x6a,
    0x7c, 0x01, 0xf0, 0x6d, 0x7f, 0x7f, 0xf8, 0x1e, 0xa7, 0xbf, 0x7c, 0x00,
    0xa8, 0x88, 0xa8, 0x80, 0x11, 0x03, 0x80, 0x80, 0x06, 0x60, 0x3c, 0x06,
    0x6c, 0x10, 0x10, 0x00, 0x90, 0x1a, 0x0c, 0x22, 0x57, 0x5a, 0xde, 0x0e,
    0xf4, 0x4d, 0x5e, 0x17, 0xf0, 0x16, 0xa4, 0x8f, 0x5b, 0xd7, 0xe0, 0x9f,
    0x06, 0x6a, 0x70, 0xaf, 0x5b, 0x57, 0xe6, 0xdf, 0x02, 0xea, 0x71, 0x7f,
    0x52, 0x57, 0xe6, 0x5e, 0xee, 0xa9, 0xcc, 0xfd, 0xe1, 0x5f, 0xa4, 0x7c,
    0x03, 0xa9, 0x94, 0xd7, 0xd6, 0xa5, 0xf0, 0x4d, 0x0b, 0xc0, 0x17, 0xbf,
    0x81, 0xb5, 0xba, 0x4f, 0xc0, 0x4a, 0xf0, 0x41, 0x58, 0xde, 0x7a, 0xab,
    0xb1, 0xf8, 0x45, 0x5b, 0x11, 0x8f, 0xaf, 0xed, 0x7f, 0x7f, 0x55, 0xf7,
    0x77, 0xc2, 0x2a, 0xda, 0x08, 0xb2, 0xbb, 0x97, 0xab, 0x15, 0xab, 0x7b,
    0xe2, 0xbf, 0xb9, 0xbc, 0x32, 0xb3, 0xe4, 0x59, 0x2d, 0x28, 0x10, 0xbc,
    0x39, 0xd8, 0x0a, 0xde, 0xe0, 0xf6, 0xbd, 0x4f, 0x7d, 0x77, 0x93, 0xbf,
    0x10, 0x04, 0xc5, 0x6c, 0x7c, 0xd7, 0x7d, 0xfa, 0xfe, 0x1c, 0xf8, 0x41,
    0x57, 0x92, 0xe6, 0xea, 0x7b, 0x93, 0xc6, 0x55, 0x7d, 0xe7, 0xec, 0x7a,
    0xde, 0x21, 0xf1, 0x8d, 0x5e, 0x85, 0xd4, 0x6b, 0x7b, 0x37, 0xdc, 0x35,
    0x7c, 0xd3, 0xe6, 0x3a, 0xde, 0x29, 0xf0, 0x5d, 0x5e, 0xfb, 0xd2, 0xeb,
    0x7b, 0x97, 0xca, 0x55, 0x7d, 0x69, 0xe0, 0x0a, 0xde, 0x8e, 0xe7, 0xf5,
    0x7c, 0xe3, 0xc2, 0x6b, 0x7b, 0xff, 0x82, 0xd5, 0xf7, 0x26, 0x1d, 0x6f,
    0xf6, 0x65, 0x4f, 0x5c, 0xde, 0xaf, 0xee, 0x2d, 0x65, 0x4f, 0x69, 0x70,
    0x7a, 0xfe, 0xc3, 0xe3, 0x75, 0x3d, 0x6b, 0xca, 0xeb, 0xfb, 0x93, 0xa8,
    0x54, 0xf6, 0xbf, 0x5b, 0xaf, 0xec, 0xce, 0xc9, 0x53, 0xd8, 0x3d, 0xae,
    0xbf, 0xad, 0xfb, 0x85, 0x4f, 0x57, 0x77, 0x44, 0xb1, 0x8c, 0x68, 0x12,
    0x01, 0x00, 0x38, 0x08, 0xc0, 0x60, 0x03, 0xa0, 0x41, 0x60, 0x80, 0x80,
    0x04, 0x81, 0x00, 0xe4, 0xda, 0xeb, 0x5b, 0xdb, 0x7e, 0xe3, 0xab, 0xed,
    0x5f, 0x76, 0xd6, 0xf6, 0x8f, 0xbe, 0x6a, 0xfb, 0x3f, 0xe0, 0x45, 0x6f,
    0x4b, 0xfb, 0x62, 0xaf, 0xa6, 0xbd, 0xd5, 0x5b, 0xd3, 0xff, 0x00, 0x2a,
    0xfa, 0x9f, 0xe0, 0xdd, 0x6f, 0x3f, 0x7b, 0xda, 0xaf, 0xa3, 0xfe, 0x0d,
    0x56, 0xf2, 0x37, 0xb0, 0xea, 0xf9, 0x8b, 0xde, 0x95, 0xbc, 0x67, 0xeb,
    0xaa, 0xbe, 0x6c, 0xf8, 0x27, 0x5b, 0xba, 0x79, 0xa6, 0xaf, 0x97, 0xbe,
    0x0e, 0xd6, 0xc9, 0xf1, 0x7a, 0xbc, 0x7f, 0xdc, 0xf5, 0xb1, 0x18, 0xfa,
    0xfe, 0xd6, 0xf7, 0xf5, 0x5f, 0x74, 0xfc, 0x1d, 0xad, 0x96, 0x26, 0x9b,
    0x17, 0x9b, 0x15, 0x6b, 0x7b, 0xe2, 0xa7, 0xb9, 0xbc, 0x32, 0xb2, 0x64,
    0x50, 0x26, 0x8d, 0x6f, 0x4b, 0xfb, 0xf2, 0xaf, 0x8c, 0xbd, 0x0d, 0x5b,
    0xbc, 0xf9, 0x0a, 0xaf, 0x58, 0xf0, 0xdd, 0x6f, 0x3e, 0xfb, 0xe2, 0xaf,
    0x9c, 0xbd, 0xd9, 0x5b, 0xce, 0x5e, 0xe2, 0xab, 0xe6, 0x6f, 0x15, 0x8e,
    0xba, 0xef, 0xbf, 0x5f, 0xc3, 0x9f, 0x08, 0x2a, 0xf2, 0x5c, 0xdd, 0x4f,
    0x36, 0xf8, 0xee, 0xaf, 0xb8, 0xfd, 0x73, 0x5b, 0xc5, 0x1e, 0x38, 0xab,
    0xd4, 0x7b, 0x3d, 0x6f, 0x63, 0xfc, 0x02, 0xab, 0xe7, 0x1f, 0x52, 0xd6,
    0xf1, 0xbf, 0x99, 0x6a, 0xf8, 0x37, 0xc6, 0xd5, 0xbd, 0x93, 0xf0, 0x36,
    0xaf, 0xa6, 0xfd, 0xaf, 0x5b, 0xce, 0xfe, 0xac, 0xab, 0xe5, 0xaf, 0x44,
    0xd6, 0xf6, 0xdf, 0xc1, 0x9a, 0xbe, 0xbd, 0xf7, 0xa5, 0x6f, 0x51, 0xfb,
    0x52, 0xaf, 0xa3, 0x3d, 0x71, 0x5b, 0xdd, 0x3f, 0x06, 0xea, 0xfb, 0x4b,
    0xdf, 0xf5, 0xbd, 0x7d, 0xee, 0x6a, 0xbe, 0xac, 0xf6, 0x85, 0x6f, 0x6a,
    0xfb, 0xe6, 0xaf, 0xb1, 0x3d, 0xc9, 0x5b, 0xd6, 0x9e, 0xd1, 0xab, 0xea,
    0x6f, 0x5f, 0xd6, 0xf4, 0xcf, 0xab, 0xaa, 0xfa, 0x37, 0xd3, 0xea, 0x14,
    0xa2, 0xa8, 0x50, 0x30, 0x03, 0x00, 0x1d, 0x02, 0x08, 0x02, 0x01, 0x80,
    0x42, 0x00, 0x98, 0x24, 0x32, 0x36, 0xb0, 0x5d, 0x6b, 0x7a, 0xf3, 0xdb,
    0xf5, 0x7d, 0x3d, 0xf0, 0x1e, 0xb7, 0x95, 0x3d, 0xe1, 0x57, 0xc7, 0xdf,
    0x08, 0x2b, 0x76, 0x6f, 0x67, 0xd5, 0xeb, 0x1f, 0x00, 0xeb, 0x71, 0xcf,
    0x5e, 0xd5, 0xe2, 0x3e, 0xf3, 0xad, 0xb6, 0xf7, 0x2d, 0x5d, 0x7f, 0xbd,
    0x6b, 0x5b, 0xe6, 0x35, 0x34, 0x1e, 0xe8, 0x42, 0xf0, 0x05, 0x6f, 0xe0,
    0x6d, 0x6e, 0x93, 0xf0, 0x12, 0xbc, 0x10, 0x54, 0x6f, 0xc2, 0x0a, 0xe3,
    0xf1, 0x1d, 0x68, 0xdf, 0x01, 0xaa, 0xe2, 0x7c, 0xbf, 0x5b, 0xa3, 0xfc,
    0x19, 0xab, 0xd8, 0xbc, 0xfb, 0x5b, 0xd4, 0x9e, 0xbc, 0xab, 0xec, 0x8f,
    0x0d, 0x56, 0xf7, 0x6f, 0x03, 0xa9, 0xf0, 0x53, 0x0f, 0x5f, 0xde, 0x9c,
    0x9a, 0xa7, 0xc0, 0xfe, 0xc5, 0x5f, 0xe0, 0x57, 0x58, 0xab, 0xe8, 0xfe,
    0x37, 0x30, 0x89, 0x9c, 0xdc, 0x05, 0x5f, 0x70, 0x7b, 0x5e, 0xbf, 0xbe,
    0xbb, 0xc9, 0xd8, 0x8a, 0x12, 0xf2, 0xd1, 0x5f, 0xde, 0xfe, 0x2c, 0xa9,
    0xe4, 0xee, 0x83, 0x5f, 0xb6, 0xf0, 0x0a, 0x9c, 0xbf, 0x2b, 0x5f, 0xdd,
    0xdd, 0x2e, 0xa7, 0xa1, 0xf7, 0x75, 0xfc, 0x79, 0x68, 0xec, 0xf8, 0x1a,
    0xb7, 0xb8, 0x76, 0x95, 0x7d, 0x39, 0xc8, 0xeb, 0x79, 0x9b, 0xa0, 0xd5,
    0xf1, 0xe7, 0x55, 0xad, 0xf0, 0x73, 0xd5, 0xf5, 0x7d, 0xcf, 0xeb, 0xea,
    0xde, 0xbc, 0xf6, 0x35, 0x5f, 0x4c, 0xfb, 0x2a, 0xb7, 0xac, 0x7e, 0x05,
    0xd5, 0xf4, 0xaf, 0xc0, 0x9a, 0xde, 0x7e, 0xf8, 0x0d, 0x57, 0xcd, 0x5f,
    0x00, 0x6b, 0x79, 0x67, 0xdf, 0x75, 0x7c, 0x95, 0xef, 0x5a, 0xde, 0x3d,
    0xf7, 0x75, 0x5f, 0x19, 0x7b, 0x9a, 0xb7, 0x94, 0x7e, 0x10, 0xd5, 0xf2,
    0x3f, 0xc1, 0x8a, 0xde, 0x3f, 0xf8, 0x1f, 0x57, 0xc6, 0xff, 0x01, 0xeb,
    0x78, 0xbf, 0xdf, 0xd5, 0x7c, 0x53, 0xef, 0x65, 0x54, 0x55, 0x40, 0xa0,
    0x10, 0x03, 0x80, 0x7c, 0x12, 0x0e, 0x22, 0x00, 0x52, 0x08, 0x00, 0x50,
    0x0d, 0x07, 0x0d, 0xda, 0xeb, 0x57, 0xdf, 0xbe, 0xff, 0xad, 0xef, 0xdf,
    0x80, 0x55, 0x7d, 0xfd, 0xf0, 0x1a, 0xb7, 0xc0, 0x0f, 0x81, 0x95, 0x7e,
    0x01, 0xfc, 0x13, 0xad, 0xf0, 0x1f, 0xe0, 0xd5, 0x5f, 0x66, 0x7b, 0x7e,
    0xb7, 0xb4, 0x3d, 0xcb, 0x57, 0xda, 0x7e, 0xea, 0xad, 0xed, 0x3f, 0x74,
    0xd5, 0xf8, 0x19, 0xf0, 0x86, 0xb7, 0xbd, 0x7d, 0xfb, 0x57, 0xdf, 0x3e,
    0xdb, 0xad, 0xe5, 0x7e, 0x77, 0x5a, 0xf7, 0x2b, 0xab, 0xe2, 0x0f, 0x80,
    0x95, 0xb0, 0xbc, 0x32, 0xaf, 0x1f, 0xf8, 0x25, 0x5b, 0x11, 0x8e, 0xaf,
    0xed, 0x7f, 0x7e, 0xd5, 0xf7, 0x67, 0xc2, 0x1a, 0xd9, 0xb8, 0x35, 0x7d,
    0xd9, 0xe3, 0x3a, 0xdd, 0x1f, 0x8c, 0xd5, 0xd2, 0x65, 0xab, 0x5a, 0xb1,
    0x57, 0xd2, 0xfe, 0xc8, 0xad, 0xe5, 0x3f, 0x59, 0x55, 0xf2, 0x9f, 0xb5,
    0x2b, 0x79, 0xeb, 0xe0, 0xbd, 0x5e, 0xcd, 0xe4, 0x7a, 0xde, 0x10, 0xf4,
    0x15, 0x5f, 0x21, 0xfb, 0x26, 0xb7, 0xa0, 0x3e, 0x10, 0x55, 0xf0, 0x87,
    0xa0, 0xab, 0x79, 0x17, 0xd9, 0x35, 0x7c, 0xf5, 0xef, 0xaa, 0xde, 0x88,
    0xe6, 0x40, 0x35, 0x51, 0xf7, 0xea, 0x78, 0x73, 0xe1, 0x05, 0x6e, 0x4b,
    0x9b, 0xaf, 0xec, 0x5f, 0x19, 0xd6, 0xf8, 0x0d, 0xec, 0xca, 0xbe, 0x2e,
    0xf1, 0xcd, 0x6e, 0x95, 0xd6, 0xea, 0xfb, 0x5b, 0xe0, 0x5d, 0x6f, 0x32,
    0xfa, 0x4e, 0xaf, 0x86, 0x7c, 0x81, 0x5b, 0xb1, 0xf8, 0x16, 0xaf, 0xb4,
    0xfe, 0x0e, 0x56, 0xf4, 0x57, 0xb2, 0x2a, 0xf9, 0x47, 0xd0, 0xf5, 0xbc,
    0x4b, 0xe5, 0x3a, 0xbe, 0xaf, 0xf7, 0x95, 0x6f, 0x3f, 0x7a, 0xde, 0xaf,
    0x95, 0x7d, 0x0d, 0x5b, 0xc6, 0x7e, 0x5d, 0xab, 0xed, 0x4f, 0x82, 0x35,
    0xbd, 0x57, 0xed, 0xea, 0xbe, 0x88, 0xf5, 0x9d, 0x6f, 0x35, 0x7a, 0x36,
    0xaf, 0xbb, 0xfe, 0x0c, 0xd6, 0xf6, 0x6f, 0xbb, 0xaa, 0xfa, 0xbf, 0xd9,
    0x15, 0xbd, 0x2b, 0xea, 0x7a, 0xbe, 0x7d, 0xf4, 0x4d, 0x6f, 0x34, 0xf9,
    0xb9, 0x4b, 0x4b, 0x60, 0x70, 0x10, 0x00, 0xc4, 0x07, 0x40, 0x4a, 0x02,
    0xa0, 0xa2, 0x80, 0x4a, 0x00, 0x90, 0x20, 0x18, 0x41, 0x08, 0x00, 0x00,
    0x00, 0x7c, 0x00, 0x00, 0x03, 0xe0, 0x00, 0x00, 0x3b, 0xdf, 0x1d, 0xef,
    0x80, 0x00, 0x3e, 0x00, 0x00, 0x03, 0xbd, 0xf0, 0x40, 0x80, 0x40, 0x80,
    0x00, 0x20, 0xba, 0x2b, 0xac, 0x41, 0x05, 0x7e, 0x80, 0x38, 0xea, 0x60,
    0x00, 0x00, 0x0b, 0xe0, 0xc2, 0x00, 0x75, 0xb9, 0x00, 0x7c, 0x04, 0x00,
    0x0a, 0xd4, 0x5e, 0xcd, 0x58, 0x78, 0xca, 0x99, 0x7f, 0x78, 0x57, 0xf8,
    0x35, 0x86, 0x3b, 0x59, 0x3a, 0xbf, 0x03, 0xfc, 0xcf, 0x5b, 0xbc, 0xf1,
    0x6a, 0xbf, 0x00, 0x3c, 0x8f, 0x5b, 0xc1, 0x5d, 0x06, 0xaf, 0xbf, 0xfd,
    0x89, 0x5b, 0xba, 0x78, 0xda, 0xaf, 0x18, 0xf7, 0x65, 0x4e, 0x57, 0xe7,
    0xaa, 0xfe, 0x9c, 0xf6, 0x25, 0x4f, 0x70, 0xf9, 0xfe, 0x31, 0x00, 0x14,
    0x02, 0x80, 0x68, 0x39, 0x01, 0xac, 0xf5, 0x75, 0xad, 0xef, 0xef, 0x7c,
    0xd5, 0xf8, 0x11, 0xef, 0xba, 0xde, 0xd7, 0xf6, 0x25, 0x5f, 0x75, 0x7b,
    0x46, 0xb7, 0xb1, 0x7d, 0x55, 0x57, 0xdc, 0x5e, 0xc2, 0xad, 0xec, 0x7f,
    0x54, 0x55, 0xf7, 0x77, 0xb2, 0xeb, 0x7b, 0x63, 0xd6, 0x75, 0x7d, 0xf7,
    0xeb, 0xca, 0xde, 0x49, 0xea, 0xb5, 0xb8, 0x0f, 0xbc, 0x4d, 0xcd, 0xba,
    0xb4, 0x7d, 0xd1, 0x53, 0xe0, 0x0f, 0x41, 0x5c, 0x72, 0xd5, 0xbb, 0x97,
    0x94, 0xaa, 0xf8, 0x5f, 0xe0, 0xf5, 0x6c, 0x4e, 0x3e, 0xbf, 0xb4, 0xfe,
    0x00, 0xd5, 0xf7, 0x0f, 0xc2, 0x2a, 0xd8, 0xe6, 0xa0, 0x71, 0x95, 0x71,
    0x94, 0xea, 0xfb, 0xb7, 0xd9, 0x15, 0x3d, 0xd0, 0xc1, 0xad, 0x92, 0x86,
    0xcd, 0x2c, 0x15, 0x27, 0x35, 0xd5, 0x7b, 0x27, 0xbb, 0xab, 0xfb, 0x37,
    0xde, 0x95, 0x22, 0xa0, 0xf3, 0x88, 0x18, 0x90, 0xce, 0xb5, 0x4a, 0xde,
    0xe4, 0xce, 0xd4, 0xf0, 0xd0, 0x2a, 0xf9, 0xb5, 0x15, 0x3d, 0xd6, 0xc5,
    0x8f, 0xc5, 0x75, 0x7a, 0x90, 0xab, 0x7c, 0x02, 0xc9, 0x55, 0xf4, 0xd6,
    0x82, 0xb7, 0x94, 0xf4, 0xf5, 0x7c, 0x41, 0xac, 0xad, 0xf0, 0x87, 0xb9,
    0x55, 0xf7, 0x0f, 0x75, 0xad, 0xea, 0xde, 0xed, 0x57, 0xd0, 0x7d, 0xd6,
    0xb7, 0xc0, 0x9f, 0x34, 0xd5, 0xf6, 0xf7, 0x99, 0xab, 0x7a, 0xe7, 0xcc,
    0x55, 0x7d, 0x33, 0xe5, 0xea, 0xde, 0xee, 0xf6, 0x0d, 0x5f, 0x67, 0x7a,
    0xee, 0xb7, 0xac, 0xbd, 0x6b, 0x57, 0xd3, 0x3e, 0xaf, 0xad, 0xeb, 0x8f,
    0x71, 0xd5, 0xf5, 0x07, 0xb7, 0x2b, 0x7a, 0x2f, 0xda, 0xb5, 0x7c, 0xef,
    0xec, 0xea, 0xde, 0x66, 0xf6, 0x45, 0x5f, 0x2a, 0xfb, 0x05, 0x4d, 0x11,
    0x10, 0x60, 0x10, 0xa0, 0x07, 0x80, 0x60, 0x03, 0xa1, 0x40, 0xc9, 0x00,
    0xf0, 0x28, 0x03, 0xa0, 0x80, 0x72, 0x36, 0xba, 0xd6, 0xf6, 0xcf, 0xb9,
    0x2a, 0xfb, 0x57, 0xde, 0xd5, 0xbd, 0x3f, 0xed, 0x0a, 0xbe, 0xa9, 0xf7,
    0x75, 0x6f, 0x42, 0x7b, 0x52, 0xaf, 0xa6, 0xfd, 0xff, 0x5b, 0xca, 0xbe,
    0xb2, 0xab, 0xe7, 0x4f, 0x70, 0xd6, 0xf4, 0xbf, 0xc0, 0xea, 0xbe, 0xb1,
    0xf8, 0x39, 0x5b, 0xa0, 0x73, 0xda, 0xde, 0x2a, 0xf8, 0x0e, 0x6e, 0x6d,
    0xd5, 0xa1, 0xee, 0x8a, 0x9f, 0x00, 0x7a, 0x0a, 0xdb, 0x96, 0xad, 0xc9,
    0x7b, 0x5d, 0x65, 0x7c, 0x08, 0xab, 0x87, 0xc7, 0x54, 0xf6, 0x9f, 0xc0,
    0x0a, 0xde, 0xab, 0xf7, 0x15, 0x5c, 0x53, 0x49, 0xf3, 0xd6, 0xb6, 0x3a,
    0x9d, 0x6f, 0x76, 0x7b, 0x22, 0xbf, 0xba, 0x18, 0x35, 0xf2, 0x54, 0x59,
    0xe5, 0x02, 0xfc, 0xe6, 0xbe, 0xaf, 0x64, 0xf7, 0x75, 0x7f, 0x65, 0x7b,
    0xd6, 0xa3, 0x92, 0x64, 0xc0, 0x03, 0x90, 0x67, 0x46, 0xad, 0x5f, 0x72,
    0x67, 0x8f, 0x3f, 0x86, 0xab, 0xfa, 0xf2, 0x2a, 0xd7, 0xf0, 0x6c, 0xe6,
    0xf9, 0x0c, 0xed, 0x75, 0xfa, 0xbf, 0x06, 0xe3, 0xd6, 0xf5, 0x54, 0x4a,
    0xbe, 0x5d, 0x81, 0x5b, 0xc4, 0xec, 0xab, 0xee, 0x89, 0xf5, 0xbd, 0x5b,
    0x26, 0xaf, 0x9f, 0xa2, 0x56, 0xf2, 0xc4, 0x0a, 0xbf, 0x03, 0xe7, 0xd6,
    0xf7, 0x1c, 0xaa, 0xbe, 0xbd, 0x8b, 0x5b, 0xd3, 0xb0, 0xaa, 0xfb, 0xce,
    0x3d, 0x6f, 0x6a, 0x44, 0xab, 0xeb, 0x78, 0x35, 0xbd, 0x3c, 0xfa, 0xbe,
    0xfb, 0x8b, 0x5b, 0xdc, 0x30, 0xea, 0xfb, 0x26, 0x0d, 0x6f, 0x59, 0xc0,
    0xab, 0xe9, 0xf7, 0x56, 0xf4, 0x63, 0x94, 0x51, 0x16, 0x14, 0x02, 0x14,
    0x00, 0x54, 0x06, 0x40, 0x3c, 0x28, 0x19, 0x20, 0x1e, 0x05, 0x00, 0x70,
    0x10, 0x18, 0x86, 0x6b, 0xad, 0x6f, 0x6d, 0xfb, 0x46, 0xaf, 0xb9, 0xfd,
    0x91, 0x5b, 0xde, 0xbe, 0xc1, 0xab, 0xf0, 0x17, 0xd7, 0x95, 0xbd, 0xad,
    0xe8, 0x2a, 0xbe, 0xe8, 0xf4, 0x05, 0x6f, 0x7e, 0xf9, 0xfa, 0xaf, 0xc1,
    0x3f, 0x3e, 0xd6, 0xf7, 0x4f, 0x93, 0x6a, 0xfc, 0x00, 0xf2, 0x4d, 0x6f,
    0x6b, 0xf8, 0x6a, 0xaf, 0xbb, 0x3c, 0x17, 0x5b, 0xdf, 0x9d, 0xa2, 0xaf,
    0xbf, 0x78, 0x8d, 0x7f, 0x34, 0xee, 0xaa, 0x76, 0x0f, 0x72, 0xd5, 0x87,
    0xc2, 0xab, 0x70, 0x1f, 0x82, 0x95, 0x70, 0xf8, 0xfa, 0x9e, 0xd3, 0xf8,
    0x01, 0x5b, 0xd6, 0x1e, 0xe2, 0xab, 0x96, 0x71, 0xca, 0x1a, 0x83, 0x57,
    0x1b, 0x4a, 0xaf, 0xbb, 0x3d, 0x91, 0x53, 0xdd, 0x0c, 0x1a, 0xd9, 0x28,
    0x70, 0xab, 0x7b, 0xf3, 0x03, 0x57, 0xca, 0x33, 0xeb, 0x76, 0x28, 0xb5,
    0x78, 0x8c, 0x0a, 0xde, 0x6a, 0xe1, 0x75, 0xf0, 0x7c, 0x22, 0xa7, 0x9d,
    0x78, 0x3d, 0x7f, 0x74, 0xe2, 0x77, 0x3a, 0xb5, 0x6a, 0xfb, 0x93, 0x3b,
    0x5f, 0xc3, 0x40, 0xad, 0xed, 0x98, 0x75, 0xfe, 0x00, 0xd2, 0xa9, 0xe2,
    0x68, 0x75, 0xfa, 0x0a, 0xaa, 0x7b, 0xcf, 0x15, 0x5f, 0xce, 0x57, 0x6a,
    0x78, 0x6e, 0xa5, 0x7e, 0xbf, 0x3a, 0xa7, 0xbf, 0x36, 0xd5, 0xfd, 0x3f,
    0xad, 0xa9, 0xe5, 0x9d, 0x35, 0x7f, 0x10, 0xe8, 0x2a, 0x7c, 0x17, 0xe9,
    0x35, 0xfd, 0x95, 0xd0, 0x6a, 0x7a, 0x2b, 0x9d, 0xd7, 0xf2, 0xb7, 0x36,
    0xa9, 0xef, 0x5f, 0x15, 0xd7, 0xf5, 0xb7, 0x89, 0x6a, 0x7a, 0x07, 0xc4,
    0x15, 0xfc, 0xa9, 0xe1, 0xba, 0x9e, 0xfa, 0xf6, 0xb5, 0x7f, 0x60, 0xfb,
    0x42, 0xa7, 0xa3, 0xfd, 0x95, 0x5f, 0xcc, 0x7e, 0xc5, 0xa9, 0xe3, 0xdf,
    0x60, 0xd7, 0xf0, 0xd7, 0xaf, 0x14, 0xa9, 0x44, 0xa8, 0x10, 0x00, 0xc4,
    0x07, 0x85, 0x03, 0x20, 0x19, 0x02, 0x60, 0x13, 0x00, 0x70, 0x0d, 0x04,
    0x83, 0x88, 0x22, 0xc1, 0x75, 0xad, 0xee, 0x2f, 0x74, 0xd5, 0xf7, 0x0f,
    0xbd, 0x6b, 0x7b, 0x9b, 0xe0, 0x45, 0x5f, 0x78, 0xfc, 0x21, 0xad, 0xec,
    0x4f, 0x7d, 0xd5, 0xf6, 0xd7, 0xc2, 0x0a, 0xde, 0x85, 0xf6, 0x35, 0x5f,
    0x51, 0xfb, 0xbe, 0xb7, 0xa3, 0xbd, 0xaf, 0x57, 0xd4, 0xde, 0xe4, 0xad,
    0xe2, 0x9f, 0x0b, 0xd6, 0xf0, 0x07, 0xc1, 0x93, 0x73, 0x6e, 0xad, 0x0f,
    0x74, 0x54, 0xf8, 0x03, 0xd0, 0x57, 0x1c, 0xb5, 0x6f, 0x31, 0x7c, 0x0a,
    0xab, 0xe3, 0x1f, 0x12, 0x56, 0xf7, 0x37, 0xb9, 0xea, 0xf9, 0x27, 0xcd,
    0x95, 0xbd, 0x19, 0xee, 0xda, 0xbe, 0x25, 0xf5, 0x3d, 0x6f, 0x0e, 0xfb,
    0xba, 0xaf, 0x54, 0xf6, 0x85, 0x6e, 0x31, 0xec, 0x2a, 0xba, 0x0f, 0x60,
    0x56, 0x9d, 0xf0, 0x12, 0xbc, 0x4f, 0x80, 0x75, 0x2f, 0x7b, 0x5a, 0xac,
    0x2e, 0x76, 0xfc, 0x2c, 0x0e, 0x73, 0xeb, 0x76, 0x4f, 0x77, 0x54, 0xf6,
    0x5f, 0xbd, 0x6b, 0xc1, 0x49, 0xc0, 0x00, 0x77, 0xd4, 0xf1, 0x5f, 0xc0,
    0x4a, 0xfc, 0xbb, 0xcc, 0x55, 0x34, 0x7e, 0x00, 0xaf, 0x47, 0xa0, 0x54,
    0x47, 0xc1, 0xea, 0xba, 0xaf, 0x56, 0x56, 0xe3, 0xfe, 0x58, 0xab, 0xcf,
    0x7c, 0x33, 0x5b, 0xd8, 0xde, 0xfb, 0xab, 0xed, 0xff, 0x54, 0x56, 0xf7,
    0x77, 0x99, 0xaa, 0xfb, 0xdb, 0xc6, 0x15, 0xbd, 0xf5, 0xe0, 0x4a, 0xbe,
    0xfb, 0xec, 0x15, 0xbd, 0xf3, 0xd0, 0x6a, 0xfb, 0xdb, 0x94, 0x56, 0xf7,
    0x8f, 0x12, 0xab, 0xee, 0xcd, 0xfd, 0x6f, 0x73, 0xeb, 0xea, 0xfb, 0x87,
    0x43, 0x5b, 0xe0, 0xe6, 0x86, 0xaf, 0xc1, 0x5c, 0xad, 0x6f, 0x81, 0xd8,
    0xaa, 0xbf, 0x01, 0xb0, 0x15, 0xbd, 0xff, 0x5e, 0xaf, 0xbe, 0x27, 0xd6,
    0xf7, 0x8c, 0x8a, 0xbe, 0xea, 0x85, 0x5b, 0xdc, 0x6c, 0xab, 0xed, 0xc3,
    0x2b, 0xd1, 0x51, 0x40, 0x22, 0x40, 0x05, 0x01, 0x84, 0x36, 0x01, 0x48,
    0x0f, 0x00, 0x74, 0x0d, 0x07, 0xdd, 0x75, 0xad, 0xf0, 0x63, 0xe0, 0xad,
    0x5f, 0x83, 0x9f, 0x05, 0x2b, 0x7b, 0x7f, 0xda, 0x75, 0x7d, 0xcb, 0xed,
    0x5a, 0xde, 0xec, 0xf6, 0xbd, 0x5f, 0x7a, 0x7b, 0x66, 0xb7, 0xbf, 0x3d,
    0xb9, 0x57, 0xe0, 0x2f, 0xb7, 0xab, 0x7c, 0x0c, 0xf6, 0xf5, 0x5f, 0x82,
    0x1e, 0xd7, 0xad, 0xf0, 0x37, 0xd8, 0x75, 0x7d, 0xf7, 0xe9, 0x5a, 0xdf,
    0x01, 0xbc, 0x9f, 0x53, 0xcd, 0xb9, 0xea, 0xb3, 0x79, 0xc5, 0x6e, 0xeb,
    0xee, 0x1a, 0xb8, 0x4e, 0x1f, 0x5b, 0x8e, 0xfc, 0x17, 0xab, 0x87, 0xc7,
    0xd4, 0xf6, 0x9f, 0xc0, 0x0a, 0xde, 0xad, 0xf7, 0x0d, 0x5c, 0x7b, 0x6b,
    0x7b, 0xb7, 0xc4, 0xb5, 0x7a, 0x67, 0x05, 0xad, 0xad, 0xb0, 0x77, 0x70,
    0xd5, 0xfd, 0x75, 0xc5, 0x6a, 0x7a, 0x7f, 0xb0, 0x57, 0xf5, 0xa7, 0x7f,
    0xa9, 0xee, 0x7f, 0x05, 0x57, 0xf2, 0x5f, 0x21, 0xa9, 0xe8, 0x0e, 0x45,
    0x5f, 0xd8, 0x1c, 0x8e, 0xa7, 0xc0, 0xde, 0x4b, 0x5f, 0xce, 0x1a, 0x5a,
    0x9e, 0xb3, 0xd4, 0xd7, 0xf7, 0xc6, 0xb2, 0xa7, 0xc0, 0x9c, 0x35, 0x8e,
    0xb5, 0x5a, 0xde, 0xe4, 0xce, 0xd4, 0xf0, 0xd0, 0x2a, 0xfb, 0x2e, 0x3d,
    0x4f, 0x81, 0xb5, 0x6b, 0xf8, 0xca, 0x35, 0x4e, 0x9a, 0xda, 0xff, 0x07,
    0xf2, 0xb5, 0x3d, 0x39, 0x87, 0xaf, 0xe4, 0x4b, 0xb5, 0x3c, 0x0d, 0x56,
    0xbf, 0xc1, 0x9d, 0xbd, 0x4f, 0x62, 0x6a, 0xeb, 0xfa, 0x07, 0x45, 0x53,
    0xc9, 0xb9, 0xaa, 0xfe, 0xe8, 0xe1, 0x95, 0x3d, 0x5b, 0xc0, 0xab, 0xf9,
    0xf3, 0x73, 0x53, 0xca, 0x7b, 0x1a, 0xff, 0x00, 0x39, 0x95, 0x4f, 0x66,
    0xf2, 0x7a, 0xfe, 0xa2, 0xe3, 0xb5, 0x3c, 0xf9, 0xc5, 0x2b, 0xfc, 0x01,
    0xe9, 0xd5, 0x3d, 0xad, 0xd0, 0xab, 0xfa, 0xc3, 0x9b, 0xd4, 0xf4, 0x77,
    0x2d, 0xaf, 0xe7, 0x0e, 0x49, 0x53, 0xca, 0xbc, 0x69, 0x45, 0x3d, 0x81,
    0xe0, 0x64, 0x06, 0x20, 0x3c, 0x02, 0x40, 0x1c, 0x14, 0x50, 0x08, 0xc0,
    0x38, 0x06, 0x83, 0x08, 0x21, 0x00, 0x00, 0x00, 0x0f, 0x80, 0x00, 0x00,
    0x7c, 0x00, 0x00, 0x07, 0x7b, 0xe3, 0xbd, 0xf0, 0x00, 0x07, 0xc0, 0x00,
    0x00, 0x77, 0xbe, 0x08, 0x10, 0x08, 0x10, 0x00, 0x00, 0x20, 0xd6, 0x44,
}};
// Per-channel RMS x 1e6, in the decoder's own order
// (L R C LFE Ls Rs).
inline constexpr std::array<std::int32_t, 6> kAc451AcplRms{{
    60909, 57192, 61372, 62156, 57536, 57849
}};

// AC-4 5.1.4 from DEE, tones, 256 kbit/s - libs/ac4/fuzz/seeds/fuzz_ac4_parse/ac4-514-tones-256-2frames.ac4, 3727 bytes, 2 frames.
inline constexpr int kAc4514TonesFrames = 2;
inline constexpr std::array<std::uint8_t, 3727> kAc4514TonesStream{{
    0xac, 0x41, 0x07, 0x94, 0xbf, 0xbe, 0xfb, 0xc0, 0xca, 0x01, 0xa2, 0xb7,
    0xe9, 0x02, 0xc0, 0x04, 0xbf, 0xd7, 0x2c, 0x30, 0x27, 0xd9, 0xd0, 0x04,
    0x00, 0x80, 0x80, 0x69, 0x38, 0xb7, 0xf2, 0xdf, 0xd6, 0x70, 0x18, 0x07,
    0x96, 0x12, 0xa5, 0xa8, 0x19, 0x32, 0x10, 0x00, 0x0e, 0xc2, 0x78, 0xfe,
    0x83, 0xb1, 0x57, 0x7c, 0x0a, 0xee, 0x28, 0x17, 0xaa, 0x0c, 0x02, 0xb1,
    0x21, 0x30, 0xe1, 0xd9, 0xd6, 0xb8, 0x1a, 0x34, 0xff, 0xfe, 0xf9, 0x4a,
    0x21, 0xd7, 0xc8, 0x64, 0x6b, 0xe4, 0xb2, 0x75, 0xf3, 0xfa, 0x0a, 0xfa,
    0x1d, 0x15, 0x7c, 0x6e, 0x3a, 0xbe, 0x3f, 0x23, 0x5f, 0x27, 0x95, 0xaf,
    0x97, 0xcd, 0x57, 0xc4, 0x62, 0xeb, 0xe3, 0xb2, 0x55, 0xf6, 0x5b, 0xaa,
    0xfc, 0x13, 0x8a, 0xd7, 0xe6, 0x1d, 0x1e, 0xbf, 0x42, 0xe1, 0xb5, 0xa2,
    0xe6, 0x2a, 0x6d, 0x33, 0xb5, 0x67, 0x0a, 0xbd, 0xfd, 0x4d, 0x7e, 0xbd,
    0xd0, 0xeb, 0x56, 0xe6, 0xf5, 0x3c, 0x47, 0xe3, 0x8a, 0x9e, 0x13, 0xec,
    0x35, 0x39, 0xef, 0x2a, 0xa9, 0xc6, 0xb8, 0x5d, 0x4e, 0x01, 0xb8, 0xa9,
    0xb0, 0xd4, 0xd4, 0xb7, 0x62, 0xa5, 0x5a, 0x55, 0x28, 0x4e, 0xa9, 0x32,
    0x55, 0x4d, 0x26, 0x86, 0xa6, 0x7b, 0x35, 0x53, 0x2f, 0x95, 0xa9, 0x92,
    0xc7, 0xd4, 0xc1, 0xe0, 0xaa, 0x60, 0x2f, 0x54, 0xb9, 0x6e, 0xa5, 0x9a,
    0xf5, 0x2b, 0x55, 0xa9, 0x52, 0x95, 0x4a, 0x34, 0x2a, 0x4f, 0x9d, 0x52,
    0x6c, 0xca, 0x92, 0xe5, 0x54, 0x93, 0x26, 0xa4, 0x88, 0xf5, 0x30, 0x17,
    0xea, 0x5e, 0xbb, 0x52, 0xe5, 0xba, 0x96, 0xac, 0x54, 0xb1, 0x5e, 0xa5,
    0x6a, 0xb5, 0x2a, 0x53, 0xa9, 0x4a, 0x8d, 0x49, 0x72, 0xaa, 0x4a, 0x93,
    0x52, 0x44, 0x8a, 0x91, 0xe3, 0xd4, 0x8d, 0x1a, 0xa4, 0x58, 0x95, 0x22,
    0x44, 0xa9, 0x0e, 0x15, 0x48, 0x50, 0xaa, 0x41, 0x83, 0x52, 0x04, 0x0a,
    0x90, 0x1f, 0x51, 0xef, 0xa8, 0xe7, 0x54, 0x6b, 0x6a, 0x35, 0x95, 0x18,
    0xca, 0x8b, 0x5d, 0x45, 0xae, 0xa2, 0x95, 0x50, 0x84, 0xa8, 0x31, 0xd4,
    0x18, 0xea, 0x0c, 0x55, 0x04, 0x2a, 0x82, 0x15, 0x42, 0x12, 0xa1, 0x07,
    0x50, 0x63, 0xa8, 0x31, 0xd4, 0x10, 0xaa, 0x08, 0x55, 0x04, 0x2a, 0x81,
    0x0d, 0x40, 0x86, 0xa0, 0x43, 0x50, 0x20, 0xa8, 0x00, 0x54, 0x00, 0x2a,
    0x00, 0x00, 0x32, 0x00, 0xc8, 0x03, 0x20, 0x0c, 0x80, 0x20, 0x00, 0x80,
    0x02, 0x00, 0x08, 0x00, 0xd0, 0x06, 0x80, 0x34, 0x01, 0x60, 0x0b, 0x00,
    0x58, 0x02, 0xc0, 0x16, 0x00, 0xd0, 0x06, 0x80, 0x34, 0x01, 0x98, 0x0b,
    0x00, 0x58, 0x02, 0xc0, 0x16, 0x00, 0xb0, 0x05, 0x81, 0x20, 0x48, 0x12,
    0x04, 0x81, 0x20, 0x48, 0x12, 0x04, 0x81, 0x20, 0x48, 0x04, 0xa0, 0x4a,
    0x04, 0xa0, 0x4a, 0x04, 0xa0, 0x4a, 0x04, 0xa0, 0xb8, 0x15, 0x02, 0xa0,
    0x54, 0x0a, 0x88, 0x08, 0x08, 0x08, 0x08, 0x08, 0x08, 0x08, 0x08, 0x08,
    0x08, 0x08, 0x08, 0x08, 0x08, 0x08, 0x08, 0x08, 0x08, 0x08, 0x08, 0x08,
    0x08, 0x08, 0x08, 0x08, 0x08, 0x08, 0x08, 0x08, 0x08, 0x08, 0x08, 0x08,
    0x08, 0x08, 0x08, 0x08, 0x08, 0x08, 0x08, 0x08, 0x08, 0x08, 0x08, 0x08,
    0x08, 0x08, 0x08, 0x08, 0x08, 0x08, 0x08, 0x08, 0x08, 0x08, 0x08, 0x08,
    0x08, 0x08, 0x08, 0x08, 0x08, 0x08, 0x08, 0x08, 0x08, 0x08, 0x08, 0x08,
    0x08, 0x08, 0x08, 0x08, 0x08, 0x08, 0x08, 0x08, 0x08, 0x08, 0x08, 0x08,
    0x08, 0x08, 0x08, 0x08, 0x08, 0x08, 0x08, 0x08, 0x08, 0x08, 0x0f, 0x3c,
    0xf3, 0xcf, 0x3c, 0xf3, 0xcf, 0x3c, 0xf3, 0xcf, 0x3c, 0xf3, 0xcf, 0x3c,
    0xf3, 0xcf, 0x3c, 0xf3, 0xcf, 0x3c, 0xf3, 0xcf, 0x3c, 0xf3, 0xcf, 0x3c,
    0xf3, 0xcf, 0x3c, 0xf3, 0xcf, 0x3c, 0xf3, 0xcf, 0x3c, 0xf3, 0xcf, 0x3c,
    0xf3, 0xcf, 0x3c, 0xf3, 0xcf, 0x3c, 0xf3, 0xcf, 0x3c, 0xf3, 0xcf, 0x3c,
    0x1b, 0x1b, 0x1b, 0x1b, 0x1b, 0x1b, 0x1b, 0x1b, 0x1b, 0x1b, 0x1b, 0x1b,
    0x1b, 0x1b, 0x1b, 0x1b, 0x1b, 0x1b, 0x1b, 0x1b, 0x1b, 0x1b, 0x1b, 0x1b,
    0x1b, 0x1b, 0x1b, 0x1b, 0x1b, 0x1b, 0x1b, 0x1b, 0x1b, 0x1b, 0x1b, 0x1b,
    0x1b, 0x1b, 0x1b, 0x1b, 0x1b, 0x1b, 0x1b, 0x1b, 0x1b, 0x1b, 0x1b, 0x1b,
    0x1b, 0x1b, 0x1b, 0x1b, 0x1b, 0x1b, 0x1b, 0x1b, 0x1b, 0x1b, 0x80, 0x6b,
    0x53, 0xe2, 0x62, 0x83, 0x26, 0x25, 0x3a, 0xbd, 0x18, 0xa4, 0x2b, 0x6d,
    0xb1, 0x5c, 0x56, 0xeb, 0x64, 0x0c, 0x04, 0x85, 0x08, 0xa5, 0x08, 0xe2,
    0x50, 0xe8, 0x90, 0xc3, 0x1c, 0x9f, 0x9e, 0x00, 0x03, 0xb0, 0x3f, 0x17,
    0xb1, 0xd7, 0x89, 0x46, 0xb4, 0x91, 0x54, 0xc7, 0xed, 0xea, 0x70, 0x9e,
    0x13, 0x53, 0x81, 0xf0, 0x3a, 0x9c, 0x47, 0x94, 0xd4, 0xea, 0x3c, 0xe6,
    0xae, 0x97, 0x0f, 0x5c, 0x30, 0x17, 0x33, 0x9b, 0x80, 0xd4, 0x2a, 0x2a,
    0x25, 0x15, 0x12, 0xa1, 0x67, 0x29, 0x6e, 0xb8, 0x70, 0xc1, 0xe1, 0xc0,
    0x6e, 0x8e, 0xfd, 0xdb, 0xfd, 0xf7, 0xff, 0xeb, 0xfa, 0xb8, 0xe3, 0x8e,
    0x38, 0xe3, 0x96, 0x1c, 0xb1, 0x61, 0xc6, 0x31, 0x8c, 0x63, 0x20, 0xff,
    0xdc, 0xbd, 0x0f, 0xee, 0xbe, 0x9e, 0x82, 0xc0, 0x98, 0xd2, 0x9f, 0xfb,
    0xd5, 0x20, 0x8c, 0x0d, 0x30, 0x69, 0x80, 0x86, 0x02, 0x1d, 0x72, 0x96,
    0xb9, 0x4b, 0x5c, 0xa5, 0xae, 0x52, 0xd7, 0x18, 0xeb, 0x8c, 0x75, 0xc2,
    0x1a, 0xe1, 0x0d, 0x75, 0x2a, 0xba, 0x95, 0x5d, 0x6b, 0xae, 0xb5, 0xd7,
    0x63, 0x2b, 0xb1, 0xb5, 0xda, 0xea, 0xee, 0x7d, 0x77, 0xc0, 0xaf, 0x02,
    0x0d, 0x78, 0x50, 0xab, 0xc3, 0x89, 0x5e, 0x2c, 0x6a, 0xf1, 0xe4, 0xd7,
    0x95, 0x32, 0xbc, 0xda, 0x15, 0xe9, 0x55, 0xaf, 0x62, 0xed, 0x7c, 0x16,
    0x22, 0xbe, 0x4f, 0x47, 0x5f, 0x5f, 0xa8, 0xad, 0x83, 0x05, 0x4b, 0xb8,
    0x8a, 0x97, 0x24, 0x1c, 0xc3, 0x9a, 0x73, 0xd7, 0x95, 0x7a, 0xbe, 0x3f,
    0x19, 0x5a, 0x3d, 0x0a, 0x9a, 0x0d, 0x85, 0x4e, 0x0d, 0xaf, 0xa9, 0x9c,
    0xc8, 0xd4, 0xc5, 0x60, 0xea, 0x5e, 0xb5, 0x52, 0xbd, 0x3a, 0x94, 0x27,
    0x54, 0x99, 0x2a, 0xa4, 0x88, 0xf5, 0x1a, 0xca, 0x8b, 0x55, 0x44, 0xa2,
    0xa1, 0xcf, 0x51, 0xac, 0xa8, 0xb5, 0x54, 0x52, 0x6a, 0x21, 0x15, 0x1c,
    0xea, 0x8d, 0x65, 0x46, 0x2e, 0xa2, 0xd5, 0x51, 0x49, 0xa8, 0x94, 0x54,
    0x41, 0xea, 0x1c, 0xd5, 0x0c, 0x6a, 0x85, 0x2d, 0x41, 0x0a, 0xa0, 0x83,
    0x50, 0x21, 0xa8, 0x10, 0x54, 0x00, 0x0f, 0x20, 0x00, 0x64, 0x01, 0x90,
    0x04, 0x00, 0x10, 0x00, 0x3c, 0x00, 0xa0, 0x02, 0x80, 0x0a, 0x01, 0xa0,
    0x0d, 0x00, 0x68, 0x03, 0x30, 0x16, 0x00, 0xb0, 0x05, 0x80, 0x2c, 0x05,
    0x30, 0x53, 0x05, 0x30, 0x53, 0x05, 0x30, 0x4b, 0x04, 0xb0, 0x4b, 0x04,
    0xb0, 0x4b, 0x04, 0xb0, 0x44, 0x09, 0x02, 0x40, 0x90, 0x24, 0x09, 0x02,
    0x40, 0x90, 0x24, 0x20, 0x20, 0x20, 0x20, 0x20, 0x20, 0x20, 0x20, 0x20,
    0x20, 0x20, 0x20, 0x20, 0x20, 0x20, 0x20, 0x20, 0x20, 0x20, 0x20, 0x20,
    0x20, 0x20, 0x20, 0x20, 0x20, 0x20, 0x20, 0x20, 0x20, 0x20, 0x20, 0x2e,
    0x5c, 0xb9, 0x72, 0xe5, 0xcb, 0x97, 0x2e, 0x5c, 0xb9, 0x72, 0xe5, 0xcb,
    0x97, 0x2e, 0x5c, 0xb9, 0x72, 0xe5, 0xcb, 0x97, 0x2e, 0x5c, 0xf3, 0xcf,
    0x3c, 0xf3, 0xcf, 0x3c, 0xf3, 0xcf, 0x3c, 0xf3, 0xcf, 0x3c, 0xf3, 0xcf,
    0x3c, 0xf3, 0xcf, 0x3c, 0xf3, 0xcf, 0x3c, 0xf3, 0xcf, 0x3c, 0xf3, 0xcf,
    0x3c, 0xf3, 0xcf, 0x3c, 0xf3, 0xcf, 0x3c, 0xf3, 0xcf, 0x3c, 0x1b, 0x1b,
    0x1b, 0x1b, 0x1b, 0x1b, 0x1b, 0x1b, 0x1b, 0x1b, 0x1b, 0x1b, 0x1b, 0x1b,
    0x1b, 0x1b, 0x1b, 0x1b, 0x1b, 0x1b, 0x1b, 0x1b, 0x1b, 0x1b, 0x1b, 0x1b,
    0x1b, 0x1b, 0x1b, 0x1b, 0x1b, 0x1b, 0x1b, 0x1b, 0x1b, 0x1b, 0x1b, 0x1b,
    0x1b, 0x1b, 0x1b, 0x1b, 0x1b, 0x1b, 0x1b, 0x1b, 0x1b, 0x1b, 0x1b, 0x1b,
    0x1b, 0x1b, 0x1b, 0x1b, 0x1b, 0x1b, 0x1b, 0x1b, 0x1b, 0x1b, 0x1b, 0x1b,
    0x1b, 0x1b, 0x1b, 0x1b, 0x1b, 0x1b, 0x1b, 0x1b, 0x1b, 0x1b, 0x1b, 0x1b,
    0x1b, 0x1b, 0x1b, 0x1b, 0x1b, 0x1b, 0x1b, 0x1b, 0x1b, 0xf1, 0x0c, 0xa8,
    0x85, 0xfd, 0x19, 0xd4, 0xce, 0x9e, 0xaa, 0xda, 0x35, 0x6c, 0x76, 0xf8,
    0x0a, 0xc5, 0xb2, 0xb0, 0x40, 0x24, 0x20, 0x8b, 0xbb, 0x96, 0x38, 0xe3,
    0x86, 0xff, 0x39, 0x61, 0xa0, 0x10, 0x1a, 0x00, 0xd0, 0x05, 0x80, 0x2b,
    0x0b, 0xa0, 0xf5, 0x19, 0xfa, 0x81, 0x8d, 0x53, 0x19, 0x94, 0xa9, 0x92,
    0xc7, 0x54, 0xc6, 0xe4, 0x2a, 0x65, 0x73, 0x75, 0x34, 0xfb, 0xca, 0x9c,
    0x3f, 0x84, 0x55, 0xcb, 0x45, 0xaf, 0xb3, 0xe1, 0xa7, 0x7d, 0x0d, 0x60,
    0xe8, 0x14, 0xc1, 0x30, 0x14, 0xc1, 0x4c, 0x14, 0xc8, 0xbc, 0xf3, 0x91,
    0x45, 0x17, 0xc6, 0xc6, 0xc6, 0xc6, 0xc6, 0xc1, 0x90, 0xf0, 0xdf, 0xcb,
    0x44, 0xf3, 0x65, 0xea, 0x96, 0x44, 0xaf, 0x1a, 0x3d, 0x78, 0xf1, 0xeb,
    0xc3, 0x87, 0x5e, 0x1c, 0x3a, 0xf2, 0x24, 0x57, 0x93, 0x26, 0xbc, 0x99,
    0x35, 0xe5, 0x4a, 0xaf, 0x06, 0x0d, 0x78, 0x50, 0xab, 0xc7, 0x91, 0x5e,
    0x44, 0x9a, 0xf0, 0x20, 0xd7, 0x83, 0x0a, 0xbc, 0xd9, 0xd5, 0xe7, 0xd0,
    0xaf, 0x4a, 0xa5, 0x7a, 0xb5, 0xeb, 0xd9, 0xb9, 0x5e, 0xf6, 0x06, 0xbe,
    0x17, 0x13, 0x5f, 0x1d, 0x93, 0xaf, 0x9c, 0xd2, 0xd7, 0xd7, 0xf0, 0x2a,
    0xfc, 0x83, 0x9e, 0x57, 0xe6, 0xbb, 0x3a, 0x94, 0xf8, 0xe5, 0x4e, 0x7f,
    0xcc, 0x2a, 0x70, 0xdd, 0x95, 0x4d, 0x1e, 0x66, 0xa6, 0x3f, 0x0f, 0x53,
    0x05, 0x76, 0xa5, 0x9a, 0xb5, 0x29, 0x4f, 0xa9, 0x4e, 0x85, 0x49, 0xd3,
    0x2a, 0x4a, 0x91, 0x52, 0x3c, 0x5a, 0x93, 0xa6, 0x54, 0x97, 0x2a, 0xa4,
    0x88, 0xf5, 0x23, 0x45, 0xa9, 0x12, 0x1d, 0x48, 0x50, 0x6a, 0x40, 0x7d,
    0x47, 0x3a, 0xa4, 0x18, 0x15, 0x20, 0x3e, 0xa3, 0x9b, 0x51, 0xac, 0xa8,
    0xc5, 0xd4, 0x5a, 0xaa, 0x25, 0x35, 0x12, 0x8a, 0x8b, 0x55, 0x45, 0x2a,
    0xa2, 0x53, 0x51, 0x08, 0xa8, 0x52, 0x54, 0x21, 0x2a, 0x0c, 0x75, 0x06,
    0x3a, 0x88, 0x3d, 0x43, 0x9e, 0xa1, 0x8d, 0x50, 0xc5, 0xa8, 0x52, 0xd4,
    0x29, 0x2a, 0x10, 0x95, 0x08, 0x3a, 0x83, 0x1d, 0x41, 0x8a, 0xa0, 0x85,
    0x50, 0x42, 0xa8, 0x10, 0xd4, 0x08, 0x6a, 0x00, 0x15, 0x00, 0x0a, 0x80,
    0x01, 0xe4, 0x00, 0x0c, 0x80, 0x32, 0x00, 0xc0, 0x02, 0x00, 0x08, 0x00,
    0x20, 0x00, 0x50, 0x01, 0x40, 0x05, 0x00, 0x14, 0x03, 0x40, 0x1a, 0x00,
    0xd0, 0x06, 0x80, 0xa6, 0x0a, 0x60, 0xa6, 0x0a, 0x60, 0x96, 0x09, 0x60,
    0x96, 0x09, 0x60, 0x56, 0x05, 0x60, 0x56, 0x05, 0x40, 0x4a, 0x04, 0xa0,
    0x4a, 0x04, 0xa0, 0x4a, 0x04, 0xa0, 0x4a, 0x04, 0xa0, 0xa8, 0x15, 0x02,
    0xa0, 0x54, 0x0a, 0x81, 0x50, 0x8c, 0x46, 0x23, 0x11, 0x88, 0xc4, 0x62,
    0x31, 0x18, 0x8c, 0x46, 0x40, 0x40, 0x40, 0x40, 0x40, 0x40, 0x40, 0x40,
    0x40, 0x40, 0x40, 0x40, 0x40, 0x40, 0x40, 0x40, 0x40, 0x40, 0x40, 0x40,
    0x40, 0x40, 0x40, 0x40, 0x5c, 0xb9, 0x72, 0xe5, 0xcb, 0x97, 0x2e, 0x5c,
    0xb9, 0x72, 0xe5, 0xcb, 0x97, 0x2e, 0x5c, 0xb9, 0x72, 0xe5, 0xcb, 0x97,
    0x2e, 0x5c, 0xb9, 0x72, 0xe7, 0x9e, 0x79, 0xe7, 0x9e, 0x79, 0xe7, 0x9e,
    0x79, 0xe7, 0x9e, 0x79, 0xe7, 0x9e, 0x79, 0xe7, 0x9e, 0x79, 0xe7, 0x9e,
    0x79, 0xe7, 0x9e, 0x79, 0xe7, 0x9e, 0x79, 0xe7, 0x9e, 0x79, 0xe7, 0x9e,
    0x79, 0xe7, 0x9e, 0x79, 0xe7, 0x9e, 0x79, 0xe7, 0x9e, 0x79, 0xe7, 0x9e,
    0x79, 0xe7, 0x9e, 0x79, 0xe7, 0x9e, 0x79, 0xe7, 0x9e, 0x79, 0xe7, 0x9e,
    0x79, 0xe7, 0x9e, 0x79, 0xe7, 0x9e, 0x79, 0xe7, 0x9e, 0x79, 0xe7, 0x9e,
    0x79, 0xe7, 0x9e, 0x0d, 0x8d, 0x8d, 0x8d, 0x8d, 0x8d, 0x8d, 0x8d, 0x8d,
    0x8d, 0x8d, 0x8d, 0x8d, 0x8d, 0x8d, 0x8d, 0x8d, 0x8d, 0x8d, 0x8d, 0x8d,
    0x8d, 0x8d, 0x8d, 0x8d, 0x8d, 0x8d, 0x8d, 0x8d, 0x8d, 0x8d, 0x8d, 0x8d,
    0x8d, 0x8d, 0x8d, 0x8d, 0x8d, 0x8d, 0x8d, 0x8d, 0x8d, 0x8d, 0x8d, 0x8d,
    0x8d, 0x8d, 0x8d, 0x8d, 0x8d, 0x8d, 0x8d, 0x8d, 0x8d, 0x8d, 0x8d, 0x8d,
    0x8d, 0x8d, 0x8d, 0x8d, 0x8d, 0x8d, 0x8d, 0x8d, 0x8d, 0x8d, 0x8d, 0x8d,
    0x8d, 0xc1, 0xa3, 0xab, 0x53, 0xfd, 0x9d, 0xda, 0x1f, 0xa6, 0xa8, 0xd1,
    0xab, 0x6d, 0x8e, 0xdc, 0xb2, 0x19, 0xd9, 0x07, 0xc2, 0x1c, 0x87, 0x21,
    0xcd, 0xe2, 0x35, 0xef, 0xe0, 0x6b, 0xe1, 0x30, 0xb5, 0xf0, 0x55, 0xd6,
    0xb8, 0x95, 0x24, 0x5a, 0xa9, 0x80, 0xbb, 0x52, 0xac, 0xda, 0x91, 0xa0,
    0xd4, 0x31, 0x2a, 0x08, 0x00, 0xec, 0x05, 0x60, 0x96, 0x08, 0x82, 0x58,
    0xe8, 0x74, 0x39, 0x06, 0xc6, 0xc6, 0xc6, 0xc6, 0xdf, 0x67, 0x54, 0x18,
    0x28, 0x81, 0xf0, 0x87, 0x21, 0xc8, 0x73, 0x50, 0x80, 0x24, 0x7a, 0x1c,
    0x78, 0x00, 0x90, 0x30, 0x1a, 0xd1, 0xef, 0xff, 0xfe, 0x0c, 0x0d, 0x02,
    0xfa, 0x04, 0xc4, 0xd3, 0x13, 0x00, 0x00, 0x00, 0x3f, 0xf0, 0x00, 0xff,
    0xdf, 0xfa, 0x00, 0x0e, 0xfc, 0x8f, 0xfc, 0x00, 0x3f, 0xf7, 0xfe, 0x80,
    0x03, 0xbe, 0x8b, 0xbd, 0x8e, 0xe6, 0xef, 0x63, 0xff, 0x82, 0x62, 0x69,
    0x89, 0x80, 0x00, 0x00, 0x1f, 0xf8, 0x00, 0x7f, 0xef, 0xfd, 0x00, 0x07,
    0x72, 0x4f, 0xfc, 0x00, 0x3f, 0xf7, 0xfe, 0x80, 0x0f, 0xfa, 0x47, 0x7b,
    0x1d, 0xf0, 0xef, 0x63, 0xbe, 0xb6, 0x13, 0x13, 0x4c, 0x4c, 0x00, 0x00,
    0x00, 0xff, 0xc0, 0x03, 0xff, 0x7f, 0xe8, 0x00, 0x3a, 0x45, 0xff, 0x80,
    0x07, 0xfe, 0xff, 0xd0, 0x01, 0xfd, 0x23, 0xbd, 0x8e, 0xf9, 0x3b, 0xd8,
    0xef, 0x80, 0x98, 0x98, 0x00, 0x1f, 0xf8, 0x00, 0x7f, 0xef, 0xfd, 0x00,
    0x07, 0x72, 0x2e, 0xf6, 0x3b, 0xe6, 0x40, 0x5b, 0x80, 0x00, 0x00, 0x00,
    0x80, 0xb7, 0x00, 0x00, 0x00, 0x01, 0x6d, 0xd3, 0x73, 0xf4, 0xd4, 0x6e,
    0x00, 0x3a, 0xde, 0x00, 0x5b, 0x77, 0x8d, 0x1e, 0xd3, 0x7c, 0x00, 0xb7,
    0xfd, 0xe0, 0x00, 0x83, 0x02, 0x12, 0x00, 0xa0, 0x40, 0x40, 0x00, 0x00,
    0x37, 0x1b, 0xac, 0x41, 0x06, 0xef, 0xbf, 0xce, 0xfb, 0xc0, 0xca, 0x01,
    0xa1, 0x40, 0x66, 0x45, 0x2c, 0x04, 0xbf, 0xd7, 0x2c, 0x30, 0x27, 0xb0,
    0x90, 0x04, 0x00, 0x80, 0x80, 0x69, 0x38, 0xb7, 0xf2, 0xdf, 0xd6, 0x70,
    0x18, 0x07, 0x96, 0x12, 0xa5, 0xa8, 0x19, 0x32, 0x10, 0x00, 0x0d, 0x78,
    0x78, 0xfe, 0x83, 0xb1, 0x18, 0x9a, 0x90, 0xb1, 0x75, 0xf3, 0xf0, 0x07,
    0xd8, 0x2d, 0x55, 0x09, 0x9b, 0x0e, 0xce, 0xa2, 0x8d, 0x00, 0x51, 0x08,
    0x44, 0xff, 0xfd, 0xc6, 0xa4, 0x46, 0xab, 0x82, 0x41, 0xd9, 0x20, 0x07,
    0xa2, 0x5a, 0x01, 0x68, 0x26, 0x6a, 0x80, 0x47, 0x14, 0x15, 0x50, 0xda,
    0xac, 0x75, 0x59, 0x76, 0xea, 0xe2, 0x32, 0xd5, 0x45, 0x0e, 0xa5, 0xae,
    0x3f, 0x5f, 0xe0, 0x67, 0x35, 0xaf, 0x1e, 0x4d, 0x55, 0x1e, 0xa9, 0x98,
    0x64, 0xf8, 0x5d, 0x6f, 0x3d, 0xf9, 0x8d, 0x75, 0xe1, 0xd5, 0x5a, 0x53,
    0xba, 0x11, 0x49, 0x2e, 0xaa, 0x49, 0x39, 0x4b, 0x52, 0xd7, 0x48, 0x08,
    0x20, 0xe9, 0x06, 0x88, 0x2b, 0x41, 0x32, 0x29, 0x22, 0x62, 0x25, 0x20,
    0xd5, 0x06, 0x68, 0x2d, 0x41, 0x5a, 0x0b, 0x11, 0x49, 0x14, 0xd1, 0x49,
    0x13, 0x11, 0x29, 0x12, 0xd1, 0x25, 0x09, 0x91, 0x72, 0x12, 0xa2, 0xe4,
    0x2b, 0x42, 0x54, 0x26, 0x45, 0xc8, 0x4a, 0x8b, 0x90, 0x95, 0x15, 0x22,
    0xb4, 0x54, 0x8a, 0x91, 0x4a, 0x2a, 0x45, 0x28, 0xa9, 0x14, 0xa2, 0x74,
    0x91, 0x13, 0xa4, 0x89, 0x22, 0x48, 0x92, 0x24, 0x89, 0x22, 0x46, 0xa3,
    0x51, 0xa8, 0xd4, 0x6a, 0x35, 0x13, 0x03, 0x03, 0x03, 0x03, 0x03, 0x03,
    0x03, 0x02, 0x8d, 0x46, 0xa3, 0x51, 0x28, 0xd4, 0x4a, 0x35, 0x13, 0x76,
    0xed, 0xdb, 0xb7, 0x6e, 0xdd, 0xbb, 0x03, 0x03, 0x03, 0x03, 0x03, 0x03,
    0x03, 0x03, 0x03, 0x03, 0xef, 0xbe, 0xfb, 0xef, 0xbe, 0xfb, 0xef, 0xbe,
    0xfb, 0xef, 0xbe, 0xfb, 0xef, 0xbe, 0xfb, 0xef, 0xbe, 0xfb, 0xef, 0xbe,
    0xfb, 0xef, 0xbe, 0xfb, 0xef, 0xbe, 0xfb, 0xef, 0xbe, 0xfb, 0xef, 0xbe,
    0xfb, 0xef, 0xbe, 0xfb, 0xef, 0xbe, 0xfb, 0xef, 0xbe, 0xfb, 0xef, 0xbe,
    0xfb, 0xef, 0xbe, 0xfb, 0xef, 0xbe, 0xfb, 0xef, 0xbe, 0xfb, 0xef, 0xbe,
    0xfb, 0xef, 0xbe, 0xfb, 0xef, 0xbe, 0xfb, 0xef, 0xbe, 0xfb, 0xef, 0xbe,
    0xfb, 0xef, 0xbe, 0xfb, 0xef, 0xbe, 0xfb, 0xef, 0xbe, 0xfb, 0xef, 0xbe,
    0xfb, 0xef, 0xbe, 0xfb, 0xef, 0xa6, 0x0c, 0x18, 0x30, 0x60, 0xc1, 0x83,
    0x06, 0x0c, 0x18, 0x30, 0x60, 0xc1, 0x83, 0x06, 0x0c, 0x18, 0x30, 0x60,
    0xc1, 0x83, 0x06, 0x0c, 0x18, 0x30, 0x60, 0xc1, 0x83, 0x06, 0x0c, 0x18,
    0x30, 0x60, 0xc1, 0x83, 0x06, 0x0c, 0x18, 0x30, 0x60, 0xc1, 0x83, 0x06,
    0x0c, 0x18, 0x30, 0x60, 0xc1, 0x83, 0x06, 0x0c, 0x18, 0x30, 0x60, 0xc1,
    0x83, 0x06, 0x0c, 0x18, 0x30, 0x60, 0xc1, 0x83, 0x06, 0x0c, 0x18, 0x30,
    0x60, 0xc1, 0x83, 0x06, 0x0c, 0x18, 0x30, 0x60, 0xc1, 0x83, 0x06, 0x0c,
    0x18, 0x78, 0xf8, 0x17, 0xfb, 0x03, 0x65, 0xdf, 0xa2, 0x18, 0xc8, 0x2d,
    0xde, 0xc5, 0xdd, 0xc4, 0x2a, 0x40, 0x8c, 0x37, 0xcc, 0x27, 0x2f, 0xa8,
    0xeb, 0xc4, 0x74, 0x77, 0xaf, 0x10, 0xc2, 0x78, 0x32, 0x51, 0x2f, 0xbe,
    0xfb, 0xcd, 0xdf, 0x7d, 0xf5, 0x10, 0x90, 0x57, 0x22, 0x46, 0x02, 0x26,
    0x05, 0x60, 0xac, 0x31, 0x01, 0x24, 0xec, 0xe9, 0x3e, 0x07, 0xc0, 0x52,
    0x10, 0x94, 0xff, 0xd0, 0x00, 0x44, 0x3a, 0x25, 0x8a, 0xa8, 0x46, 0x0d,
    0x9b, 0x25, 0x89, 0x12, 0x25, 0xf7, 0xdf, 0x5e, 0xfa, 0xf5, 0x27, 0xef,
    0xad, 0x7a, 0xb4, 0x22, 0x40, 0x19, 0xaa, 0x58, 0x15, 0x63, 0xd4, 0xab,
    0x73, 0xc3, 0x35, 0xbe, 0x99, 0x7e, 0x77, 0x96, 0x86, 0xa8, 0xb2, 0xb1,
    0x31, 0xaa, 0x4d, 0x60, 0xe6, 0x57, 0x07, 0x16, 0xb6, 0x7d, 0xe6, 0x05,
    0xf6, 0xed, 0xd8, 0x17, 0xdb, 0xb7, 0x42, 0x54, 0x5c, 0x8a, 0x91, 0x52,
    0x2a, 0x49, 0x12, 0x44, 0x91, 0x09, 0x50, 0x95, 0x09, 0x51, 0x72, 0x2a,
    0x45, 0x4c, 0x0c, 0x0c, 0x0c, 0x0c, 0x0c, 0x0c, 0x0c, 0x0c, 0x0c, 0x0c,
    0x0c, 0x0c, 0x0c, 0x0c, 0x0c, 0x0c, 0x0c, 0x0a, 0x35, 0x1a, 0x8d, 0x46,
    0xa3, 0x51, 0xa8, 0xd4, 0x4a, 0x35, 0x1a, 0x8d, 0x46, 0xa3, 0x51, 0xa8,
    0xd4, 0x6c, 0x0c, 0x0c, 0x0c, 0x0c, 0x0c, 0x0c, 0x0c, 0x0d, 0xdb, 0xb7,
    0x6e, 0xdd, 0xbb, 0x76, 0xed, 0xdb, 0xb7, 0x6e, 0xdd, 0xbb, 0x76, 0xed,
    0xdb, 0xb7, 0x6e, 0xdd, 0xbb, 0x76, 0xed, 0xdb, 0xb7, 0x6e, 0xdd, 0xbb,
    0x76, 0xef, 0xbe, 0xfb, 0xef, 0xbe, 0xfb, 0xef, 0xbe, 0xfb, 0xef, 0xbe,
    0xfb, 0xef, 0xbe, 0xfb, 0xef, 0xbe, 0xfb, 0xef, 0xbe, 0xfb, 0xef, 0xbe,
    0xfb, 0xef, 0xbe, 0xfb, 0xef, 0xbe, 0xfb, 0xef, 0xbe, 0xfb, 0xef, 0xbe,
    0xfb, 0xef, 0xbe, 0xfb, 0xef, 0xbe, 0xfb, 0xef, 0xbe, 0xfb, 0xef, 0xbe,
    0xfb, 0xef, 0xbe, 0xfb, 0xef, 0xbe, 0xfb, 0xef, 0xbe, 0xfb, 0xef, 0xbe,
    0xfb, 0xef, 0xbe, 0xfb, 0xef, 0xbe, 0xfb, 0xef, 0xbe, 0xfb, 0xe9, 0x83,
    0x06, 0x0c, 0x18, 0x30, 0x60, 0xc1, 0x83, 0x06, 0x0c, 0x18, 0x30, 0x60,
    0xc1, 0x83, 0x06, 0x0c, 0x18, 0x30, 0x60, 0xc1, 0x83, 0x06, 0x0c, 0x18,
    0x30, 0x60, 0xc1, 0x83, 0x06, 0x0c, 0x18, 0x30, 0x60, 0xc1, 0x83, 0x06,
    0x0c, 0x18, 0x30, 0x60, 0xc1, 0x83, 0x06, 0x0c, 0x18, 0x30, 0x60, 0xc1,
    0x83, 0x06, 0x0c, 0x18, 0x30, 0x60, 0xc1, 0x83, 0x06, 0x0c, 0x18, 0x30,
    0x60, 0xc1, 0x83, 0x06, 0x0c, 0x18, 0x30, 0x60, 0xc1, 0x83, 0x06, 0x0c,
    0x18, 0x30, 0x60, 0xc1, 0x83, 0x06, 0x1f, 0xfa, 0x88, 0xef, 0x01, 0x66,
    0x08, 0x20, 0x4c, 0x85, 0x6c, 0xda, 0x2b, 0x6b, 0xbc, 0x7e, 0xe0, 0x44,
    0x16, 0xc0, 0x41, 0x0c, 0xd2, 0x74, 0x9d, 0x27, 0x8d, 0xa8, 0xa7, 0x28,
    0xa7, 0x28, 0x26, 0x26, 0xaf, 0x97, 0xae, 0x1f, 0x14, 0x2a, 0xc5, 0x05,
    0x5b, 0xfe, 0x47, 0xaf, 0xae, 0x40, 0x04, 0xc1, 0x83, 0x0f, 0xf4, 0x28,
    0x18, 0xe6, 0xdb, 0x63, 0x0a, 0xac, 0x45, 0x33, 0xb2, 0x34, 0x75, 0xd7,
    0xeb, 0xf5, 0xfa, 0xfd, 0x7c, 0x4d, 0xda, 0x31, 0x28, 0xea, 0x3a, 0x23,
    0x20, 0x99, 0x9a, 0xd1, 0x24, 0x26, 0x41, 0xb5, 0xf8, 0xb5, 0x10, 0x5b,
    0xa8, 0xad, 0x13, 0xd9, 0xbb, 0xbb, 0xbb, 0xbb, 0xba, 0x12, 0xa2, 0xa4,
    0x54, 0x8a, 0x50, 0x99, 0x17, 0x21, 0x2a, 0x2a, 0x45, 0x48, 0xa5, 0x15,
    0x24, 0x89, 0x22, 0x48, 0x92, 0x24, 0x69, 0x22, 0x8d, 0x21, 0x51, 0xa8,
    0xd4, 0x6a, 0x35, 0x1a, 0x8d, 0x44, 0xa3, 0x51, 0xa8, 0xd4, 0x6a, 0x35,
    0x1b, 0x03, 0x03, 0x03, 0x03, 0x03, 0x02, 0x8d, 0x46, 0xa3, 0x51, 0x28,
    0xd4, 0x4c, 0x0c, 0x0c, 0x0c, 0x0b, 0x8c, 0x0c, 0x0c, 0x0c, 0x0c, 0x0c,
    0x0c, 0x0c, 0x0c, 0x0c, 0x0c, 0x0d, 0xdb, 0xb7, 0x6e, 0xdd, 0xbb, 0x76,
    0xec, 0x0c, 0x0c, 0x0c, 0x0c, 0x0c, 0x0c, 0x0c, 0x0c, 0x0c, 0x0d, 0xdb,
    0xb7, 0x6e, 0xdd, 0xbb, 0x76, 0xed, 0xdb, 0xb7, 0x6e, 0xdd, 0xbb, 0x76,
    0xed, 0xdb, 0xb7, 0x6e, 0xdd, 0xbb, 0x76, 0xed, 0xdb, 0xb7, 0x6e, 0xdd,
    0xbb, 0x76, 0xed, 0xdb, 0xbe, 0xfb, 0xef, 0xbe, 0xfb, 0xef, 0xbe, 0xfb,
    0xef, 0xbe, 0xfb, 0xef, 0xbe, 0xfb, 0xef, 0xbe, 0xfb, 0xef, 0xbe, 0xfb,
    0xef, 0xbe, 0xfb, 0xef, 0xbe, 0xfb, 0xef, 0xbe, 0xfb, 0xef, 0xbe, 0xfb,
    0xef, 0xbe, 0xfb, 0xef, 0xbe, 0xfb, 0xef, 0xbe, 0xfb, 0xef, 0xbe, 0xfb,
    0xef, 0xbe, 0xfb, 0xef, 0xbe, 0xfb, 0xef, 0xbe, 0xfb, 0xef, 0xbe, 0xfb,
    0xef, 0xbe, 0xfb, 0xef, 0xbe, 0xfb, 0xef, 0xbe, 0xfb, 0xef, 0xbe, 0xfb,
    0xef, 0xbe, 0xfb, 0xef, 0xbe, 0xfb, 0xef, 0xbe, 0xfb, 0xef, 0xbe, 0xfb,
    0xef, 0xbe, 0xfb, 0xef, 0xbe, 0xfb, 0xef, 0xbe, 0xfb, 0xef, 0xbe, 0xfa,
    0x60, 0xc1, 0x83, 0x06, 0x0c, 0x18, 0x30, 0x60, 0xc1, 0x83, 0x06, 0x0c,
    0x18, 0x30, 0x60, 0xc1, 0x83, 0x06, 0x0c, 0x18, 0x30, 0x60, 0xc1, 0x83,
    0x06, 0x0c, 0x18, 0x30, 0x60, 0xc1, 0x83, 0x06, 0x0c, 0x18, 0x30, 0x60,
    0xc1, 0x83, 0x06, 0x0c, 0x18, 0x30, 0x60, 0xc1, 0x83, 0x06, 0x0c, 0x18,
    0x30, 0x60, 0xc1, 0x83, 0x06, 0x0c, 0x18, 0x30, 0x60, 0xc1, 0x83, 0x06,
    0x0c, 0x18, 0x30, 0x60, 0xc1, 0x83, 0x06, 0x0c, 0x18, 0x30, 0x60, 0xc1,
    0x83, 0x06, 0x0c, 0x42, 0x66, 0xf6, 0x98, 0x10, 0xf1, 0x00, 0x6c, 0xfd,
    0xa1, 0xa3, 0x52, 0x57, 0x5b, 0x7c, 0x5b, 0xd9, 0x1c, 0xc2, 0xdb, 0x7c,
    0xe7, 0x7f, 0xcf, 0xfd, 0xbf, 0xff, 0x81, 0x15, 0x98, 0x12, 0x0c, 0x2f,
    0xfb, 0xd4, 0x6d, 0x84, 0xb6, 0x12, 0xd8, 0x4b, 0x90, 0x35, 0xa2, 0x63,
    0x2a, 0x27, 0x03, 0x5b, 0x6b, 0xa6, 0xaf, 0xab, 0x2d, 0x51, 0x04, 0x06,
    0x11, 0x65, 0xaa, 0x20, 0x00, 0x7a, 0x0c, 0xd1, 0x4d, 0x12, 0xd1, 0x11,
    0x05, 0x88, 0xa6, 0x8a, 0x48, 0x96, 0x85, 0x48, 0x4a, 0x84, 0xa8, 0xa9,
    0xf7, 0xdf, 0x7d, 0xf7, 0xd7, 0xc0, 0x3c, 0xf8, 0x07, 0x9f, 0x00, 0xe2,
    0x99, 0x2a, 0xb3, 0x63, 0x22, 0x92, 0x4e, 0xf3, 0xd0, 0x88, 0xf5, 0xd4,
    0xe0, 0x88, 0x4a, 0x2b, 0x8c, 0x4e, 0x06, 0xb2, 0xd3, 0x95, 0x53, 0x03,
    0x09, 0x81, 0x6d, 0xc3, 0x00, 0x28, 0x01, 0x80, 0x14, 0x00, 0xc0, 0x0a,
    0x02, 0x45, 0x31, 0x15, 0xd1, 0x9a, 0x42, 0x31, 0x35, 0x4d, 0x95, 0x0a,
    0x18, 0xda, 0xb3, 0xa5, 0x2b, 0xa9, 0x51, 0x46, 0xbc, 0x63, 0x16, 0xaf,
    0x5f, 0x07, 0x9b, 0x97, 0xa8, 0x7c, 0xcb, 0xe5, 0x4c, 0x40, 0x50, 0xda,
    0xa1, 0x50, 0x6a, 0x14, 0x26, 0x98, 0x0d, 0x66, 0xb7, 0x33, 0xb2, 0x38,
    0xb1, 0x42, 0x13, 0x64, 0xc8, 0xab, 0x08, 0xb0, 0x26, 0x80, 0x22, 0x38,
    0xc1, 0x2a, 0xc2, 0x64, 0x0b, 0x60, 0x0b, 0x84, 0x58, 0x13, 0x45, 0x58,
    0x4c, 0x84, 0xc8, 0x17, 0xc7, 0x18, 0xb5, 0xa4, 0x61, 0x8e, 0x4d, 0xe3,
    0xa2, 0x32, 0xea, 0x94, 0xc8, 0x8f, 0xca, 0x84, 0xc2, 0xd7, 0xae, 0x67,
    0xbe, 0xb6, 0xd8, 0x40, 0x4b, 0xaa, 0x92, 0x96, 0xd5, 0x28, 0xea, 0x88,
    0x00, 0x30, 0x83, 0xb4, 0x52, 0x44, 0x44, 0xa8, 0x93, 0x9a, 0xa6, 0x25,
    0x51, 0x04, 0x05, 0xd0, 0x66, 0x8a, 0x49, 0x75, 0x52, 0x52, 0x97, 0x2c,
    0x4d, 0x1d, 0x60, 0x73, 0x07, 0x94, 0x16, 0x05, 0x51, 0x00, 0x52, 0x05,
    0xb0, 0x28, 0x40, 0x47, 0x01, 0xc7, 0x03, 0x42, 0x52, 0x13, 0x0a, 0x28,
    0x4f, 0x0c, 0x09, 0xa0, 0x14, 0xad, 0x84, 0xb6, 0x12, 0xd8, 0x4b, 0x61,
    0x15, 0x36, 0x50, 0x03, 0x00, 0x40, 0x0d, 0x98, 0x07, 0x0a, 0x90, 0x72,
    0x35, 0x2b, 0xd6, 0x3a, 0x34, 0x59, 0x53, 0x36, 0xa2, 0x01, 0xac, 0x0c,
    0x95, 0x01, 0x59, 0x08, 0xad, 0x5c, 0x1c, 0x20, 0x75, 0x1d, 0xeb, 0x60,
    0xa5, 0xa9, 0x3e, 0x4d, 0x4b, 0x77, 0x01, 0x19, 0x57, 0x03, 0x81, 0x0d,
    0x55, 0xbb, 0x4e, 0x08, 0x67, 0x20, 0x14, 0x01, 0x83, 0x45, 0x5f, 0x33,
    0x3b, 0x44, 0x05, 0xe9, 0x40, 0x30, 0xb9, 0x4c, 0x80, 0x03, 0x7a, 0xb9,
    0xe7, 0x85, 0xe9, 0xb8, 0xa0, 0x17, 0x06, 0xd6, 0x0d, 0x42, 0x1c, 0xf8,
    0xaa, 0xe1, 0x35, 0x4f, 0x3c, 0x87, 0x38, 0x92, 0x68, 0x12, 0x5a, 0x2b,
    0x38, 0xd9, 0xf0, 0x2c, 0xe1, 0xee, 0x78, 0x95, 0x5c, 0x82, 0x73, 0x96,
    0xfc, 0xe2, 0x80, 0xc2, 0x97, 0xf2, 0x97, 0x29, 0x63, 0x44, 0xb4, 0x53,
    0x41, 0x62, 0x0b, 0x51, 0x15, 0x14, 0x1a, 0x8a, 0x91, 0x57, 0x8b, 0x6f,
    0x8f, 0x3c, 0xe4, 0x6e, 0xcd, 0xa2, 0xad, 0x58, 0x2e, 0x37, 0xbd, 0x2a,
    0xb9, 0xa5, 0xcd, 0xc4, 0xe8, 0xa2, 0x74, 0x4e, 0x89, 0xd2, 0x95, 0xab,
    0x61, 0xe7, 0x9e, 0x35, 0xf8, 0x3a, 0xc1, 0x80, 0xf2, 0x02, 0x86, 0x04,
    0x28, 0x03, 0x68, 0x03, 0xf0, 0x15, 0x2c, 0x24, 0x26, 0x63, 0xd8, 0x24,
    0x13, 0x0c, 0xa8, 0xca, 0x82, 0x20, 0x00, 0x1f, 0xfb, 0xfe, 0x45, 0xff,
    0xbf, 0x70, 0x02, 0x7f, 0xef, 0xda, 0x4f, 0xfd, 0xff, 0xb2, 0x01, 0xfb,
    0x07, 0xf0, 0x06, 0x54, 0x65, 0x41, 0x10, 0x00, 0x0f, 0xfd, 0xfb, 0x23,
    0xff, 0x7f, 0xec, 0x00, 0xff, 0xdf, 0xe9, 0x3f, 0xf7, 0xfe, 0xc8, 0x07,
    0x76, 0x27, 0x73, 0x48, 0x65, 0x46, 0x54, 0x00, 0x00, 0x00, 0xff, 0xdd,
    0x27, 0xfe, 0xff, 0xd8, 0x08, 0xff, 0xdd, 0x17, 0xfe, 0xff, 0xd8, 0x01,
    0xde, 0x19, 0xbb, 0xc6, 0xc0, 0xca, 0x82, 0x00, 0xff, 0xdf, 0xb1, 0x3f,
    0xf7, 0xfe, 0xc4, 0x07, 0x76, 0x24, 0x05, 0xb8, 0x00, 0x00, 0x00, 0x08,
    0x0b, 0x70, 0x00, 0x00, 0x00, 0x03, 0xd4, 0x7d, 0x3d, 0x4f, 0xad, 0x75,
    0xf6, 0x07, 0xff, 0xdf, 0xff, 0x7d, 0x81, 0xac, 0x3c, 0xf2, 0x7b, 0x47,
    0x91, 0xec, 0x70, 0x03, 0xef, 0x7e, 0xe4, 0x00, 0x83, 0x02, 0x12, 0x00,
    0xa0, 0x40, 0x40, 0x00, 0x00, 0x79, 0xe7,
}};
// Per-channel RMS x 1e6, in the decoder's own order
// (L R C LFE Ls Rs Tfl Tfr Tbl Tbr).
inline constexpr std::array<std::int32_t, 10> kAc4514TonesRms{{
    36, 35, 52, 110, 80, 80, 7, 12, 7, 12
}};

// AC-4 2.0 from DEE, A-SPX with companding, 48 kbit/s - libs/ac4/fuzz/seeds/fuzz_ac4_parse/ac4-20-music-48-3frames.ac4, 1071 bytes, 3 frames.
inline constexpr int kAc420CompandingFrames = 3;
inline constexpr std::array<std::uint8_t, 1071> kAc420CompandingStream{{
    0xac, 0x41, 0x01, 0x2e, 0xbf, 0xbe, 0xfb, 0xc0, 0xc2, 0x01, 0xa3, 0xc7,
    0xab, 0x2a, 0x38, 0x04, 0xb8, 0xb0, 0xc0, 0x71, 0x07, 0x00, 0x80, 0x00,
    0x54, 0x9c, 0x59, 0x79, 0x6a, 0xcb, 0xd4, 0x0c, 0x03, 0xcb, 0x09, 0x52,
    0xd4, 0x00, 0x02, 0x02, 0x74, 0x7d, 0x3b, 0x5d, 0x6c, 0x83, 0x81, 0xed,
    0x42, 0x41, 0x2f, 0xc7, 0x04, 0x99, 0x26, 0x29, 0xd1, 0x6c, 0x68, 0x40,
    0x5c, 0xf2, 0x4e, 0x1a, 0x70, 0xdd, 0x7e, 0xd7, 0xd7, 0x2b, 0xf5, 0x2e,
    0xa3, 0x5f, 0xc6, 0x5e, 0x05, 0xaf, 0xd5, 0x79, 0x0d, 0x7e, 0x17, 0x4e,
    0xa6, 0x5b, 0x92, 0x54, 0xe4, 0x7c, 0x5e, 0xa7, 0x18, 0xe4, 0x35, 0x39,
    0x56, 0xaa, 0xa9, 0x2e, 0xd7, 0xc0, 0x41, 0xa8, 0x19, 0x07, 0x96, 0x05,
    0x7a, 0xd8, 0xda, 0xf4, 0x9a, 0x85, 0x16, 0xa0, 0x85, 0x50, 0xef, 0xa8,
    0xf1, 0x15, 0xb2, 0x57, 0x28, 0x04, 0xfc, 0xa5, 0xc9, 0x2f, 0x11, 0x82,
    0x90, 0x7d, 0x94, 0xf7, 0x9c, 0xe4, 0x81, 0xd8, 0x4b, 0xc5, 0x3c, 0x16,
    0xe0, 0xc7, 0x29, 0x61, 0x4c, 0xdf, 0xdd, 0xcd, 0x5a, 0x1e, 0x5b, 0xc7,
    0xe8, 0x0e, 0x07, 0xad, 0xc0, 0x4b, 0xf0, 0xc2, 0x3f, 0xd4, 0xf7, 0xe8,
    0xa2, 0xde, 0x77, 0x77, 0x77, 0x8a, 0x96, 0xe8, 0xd4, 0x8c, 0xda, 0x92,
    0x07, 0x5c, 0xd4, 0xeb, 0xd7, 0x81, 0x50, 0x32, 0xea, 0x60, 0xf1, 0xb5,
    0x34, 0x1b, 0xaa, 0x9c, 0x07, 0x63, 0x53, 0x3b, 0x88, 0x3b, 0x95, 0x6b,
    0xc6, 0xc0, 0x57, 0xbd, 0x4a, 0xbc, 0x99, 0x55, 0xe3, 0x4b, 0xaf, 0x46,
    0xbd, 0x7a, 0xb2, 0x4e, 0xda, 0x80, 0x17, 0xae, 0x54, 0xd7, 0x41, 0xeb,
    0x98, 0xf5, 0xce, 0x6a, 0xe6, 0x3d, 0x73, 0x96, 0xb8, 0xc0, 0x78, 0xc0,
    0x0e, 0xf0, 0x69, 0x82, 0xbc, 0x53, 0xc1, 0x6e, 0x0d, 0x30, 0x69, 0x83,
    0x3c, 0x4a, 0xc4, 0x4c, 0xa9, 0x80, 0x0f, 0xfd, 0xdf, 0xfc, 0xa5, 0x4a,
    0x78, 0x1c, 0x13, 0x13, 0x4c, 0x4c, 0x00, 0x00, 0x00, 0x0f, 0xfc, 0x00,
    0xff, 0xdf, 0xf8, 0x40, 0xfd, 0x17, 0xfe, 0x00, 0x7f, 0xef, 0xfc, 0x84,
    0x0f, 0x23, 0xbd, 0x87, 0x7c, 0x1d, 0xec, 0x3b, 0xe0, 0xa0, 0xc0, 0x84,
    0x80, 0xa0, 0x40, 0x40, 0x00, 0x00, 0xd5, 0x11, 0xac, 0x41, 0x01, 0xc7,
    0xbf, 0xce, 0xfb, 0xc0, 0xc2, 0x01, 0xa1, 0xc0, 0x91, 0x2e, 0x68, 0x04,
    0xb8, 0xb0, 0xc0, 0x71, 0xa0, 0x00, 0x80, 0x00, 0x54, 0x9c, 0x59, 0x79,
    0x6a, 0xcb, 0xd4, 0x0c, 0x03, 0xcb, 0x09, 0x52, 0xd4, 0x00, 0x03, 0x34,
    0x74, 0x7d, 0x39, 0xda, 0xe9, 0xaf, 0x51, 0x62, 0x26, 0xcc, 0x53, 0x96,
    0x29, 0xc2, 0x40, 0x2e, 0x98, 0xc6, 0x51, 0x09, 0x48, 0x48, 0xf0, 0x45,
    0x44, 0x00, 0x0a, 0x07, 0x68, 0x05, 0xc9, 0x26, 0x08, 0xbe, 0xd7, 0x89,
    0x12, 0xa4, 0x15, 0x81, 0x00, 0x3c, 0x8d, 0x6a, 0x62, 0x2e, 0x88, 0xf2,
    0x3c, 0x92, 0x74, 0x6d, 0x6b, 0x29, 0x99, 0x94, 0xc0, 0xa2, 0x52, 0x4b,
    0x8c, 0x03, 0x81, 0xde, 0x3c, 0x1e, 0xc2, 0x76, 0xc9, 0xbf, 0x20, 0x21,
    0xf9, 0x78, 0x70, 0x9c, 0xbf, 0xba, 0xdc, 0xad, 0xe4, 0x35, 0x98, 0xda,
    0x9a, 0xeb, 0xec, 0x10, 0x01, 0xb5, 0x1e, 0x2e, 0x26, 0x81, 0xd0, 0xa7,
    0x6f, 0x33, 0xff, 0x06, 0x81, 0x0f, 0x01, 0x95, 0x6f, 0x7f, 0xe1, 0xe6,
    0x7e, 0x5f, 0xbe, 0x56, 0x52, 0xc2, 0x04, 0xfd, 0x1a, 0xb0, 0x84, 0x81,
    0xd5, 0x3a, 0xa3, 0x2e, 0x6f, 0x28, 0x26, 0x97, 0x2e, 0xdd, 0x55, 0x7f,
    0xce, 0x5c, 0x11, 0xca, 0x39, 0x00, 0x98, 0x8e, 0x27, 0xc0, 0x80, 0x0c,
    0xe9, 0x5b, 0xa0, 0x29, 0x24, 0x97, 0xba, 0x93, 0x58, 0x83, 0xdf, 0xd8,
    0x45, 0x27, 0xbe, 0x9a, 0xc0, 0x48, 0xcd, 0xb5, 0xaf, 0x40, 0xd0, 0xc1,
    0x14, 0x88, 0x44, 0xb0, 0x15, 0x73, 0x97, 0xf3, 0x02, 0x48, 0x6c, 0xcd,
    0xe0, 0x87, 0xed, 0xe4, 0x10, 0x96, 0xdf, 0x84, 0xc7, 0xb9, 0x12, 0xc1,
    0xc2, 0x0b, 0x6e, 0x25, 0x29, 0x4b, 0x06, 0x05, 0xd4, 0xa1, 0xed, 0x75,
    0x63, 0x93, 0xed, 0x1e, 0x8f, 0xaf, 0xf4, 0xf2, 0x4c, 0x44, 0x06, 0xa8,
    0xd5, 0x04, 0x1c, 0x20, 0x5b, 0x47, 0x40, 0xf8, 0x1a, 0x05, 0xed, 0x4c,
    0xd4, 0xb2, 0x88, 0x05, 0xd3, 0xfe, 0xd3, 0xa1, 0xda, 0x87, 0xf8, 0x3a,
    0x9d, 0xc1, 0x20, 0x61, 0xab, 0x09, 0x15, 0x10, 0x38, 0x4c, 0x89, 0x8a,
    0x65, 0x01, 0xd8, 0x81, 0x47, 0xbc, 0x87, 0x48, 0xa1, 0x5e, 0x37, 0x0f,
    0x65, 0xb4, 0x23, 0xb4, 0x3f, 0x3a, 0x26, 0x19, 0x87, 0xf3, 0x9e, 0x52,
    0xb8, 0xd3, 0x1a, 0x2b, 0xf0, 0xb1, 0x1d, 0xb4, 0xe6, 0xaf, 0x48, 0x65,
    0x15, 0x8d, 0xe6, 0xca, 0x4c, 0xce, 0x33, 0xc5, 0x68, 0x9c, 0xa7, 0x7b,
    0x45, 0x63, 0x4c, 0x52, 0x58, 0xf5, 0xd7, 0x8b, 0xd3, 0x05, 0x2b, 0xbd,
    0xa3, 0x53, 0x11, 0x38, 0x98, 0xa9, 0xcf, 0x2e, 0xc2, 0xb0, 0x36, 0x80,
    0xa0, 0x48, 0xd1, 0xbe, 0xd8, 0x21, 0xd6, 0x5f, 0xa2, 0xde, 0x6a, 0xa1,
    0x10, 0x6a, 0xcd, 0x2c, 0x88, 0x70, 0xbb, 0x23, 0x76, 0x8f, 0x47, 0x13,
    0x86, 0xeb, 0x95, 0x75, 0x71, 0x4b, 0x11, 0x0b, 0x4d, 0xa0, 0x5e, 0xec,
    0x28, 0x2b, 0x88, 0x2f, 0x5f, 0x28, 0xc5, 0x69, 0xb2, 0x46, 0x23, 0x7f,
    0x03, 0xe8, 0x9f, 0xa4, 0x3a, 0xcd, 0x42, 0xff, 0xfb, 0x72, 0x5e, 0x50,
    0xca, 0x8c, 0xa8, 0x08, 0x00, 0x00, 0x1f, 0xe7, 0x7a, 0xfe, 0xe9, 0xde,
    0xe7, 0x3f, 0xdf, 0x7f, 0xbd, 0x09, 0xf9, 0xdf, 0x77, 0xd3, 0x84, 0xd6,
    0xab, 0x00, 0xa0, 0xc0, 0x84, 0x80, 0xa0, 0x40, 0x40, 0x00, 0x00, 0x72,
    0xf3, 0xac, 0x41, 0x01, 0x28, 0x80, 0x1d, 0xfa, 0xc0, 0xc2, 0x00, 0x4b,
    0x00, 0x02, 0xe0, 0xc2, 0x00, 0xc4, 0x48, 0x00, 0x54, 0x9c, 0x00, 0x18,
    0x00, 0x40, 0x02, 0x1c, 0x5f, 0x4c, 0x42, 0xa4, 0xc9, 0x6c, 0x0c, 0x38,
    0x03, 0x15, 0xc0, 0x68, 0x0f, 0x21, 0xa9, 0x1b, 0xaa, 0x29, 0xc7, 0xd4,
    0x91, 0xca, 0xf1, 0x52, 0xaf, 0xb7, 0x43, 0xed, 0x4d, 0x25, 0xc6, 0x4c,
    0x6a, 0x01, 0xc1, 0x8d, 0x0f, 0xec, 0x28, 0x55, 0x15, 0x46, 0xe2, 0x09,
    0x10, 0xbd, 0x8d, 0xe7, 0x33, 0xed, 0x39, 0x17, 0x14, 0xd6, 0x5c, 0x5c,
    0x1a, 0x3c, 0x4c, 0xe0, 0x1c, 0x04, 0x54, 0xd2, 0x30, 0x7a, 0x19, 0x19,
    0xe9, 0xe5, 0x63, 0x37, 0x09, 0x30, 0xb6, 0x5d, 0x16, 0x25, 0x73, 0x71,
    0x48, 0xee, 0xf7, 0x6c, 0x99, 0x97, 0xaa, 0x1e, 0x80, 0x38, 0xd4, 0x5d,
    0x45, 0xe5, 0xcd, 0x25, 0x3e, 0x64, 0xd3, 0xc5, 0x4f, 0xf4, 0x44, 0x9c,
    0xe0, 0x70, 0x9a, 0xcf, 0xdd, 0x15, 0xd2, 0x06, 0x24, 0x51, 0xc0, 0xc4,
    0x64, 0x4e, 0x0d, 0x84, 0xe5, 0x1e, 0x9f, 0x95, 0xf4, 0x47, 0x1b, 0xf4,
    0x9a, 0xfc, 0x68, 0xe7, 0xc4, 0xbf, 0xfe, 0x97, 0xff, 0x4f, 0x11, 0xa9,
    0xce, 0x4f, 0x9c, 0x8f, 0xa8, 0xc9, 0x4d, 0x19, 0xbe, 0x8d, 0xa3, 0x46,
    0x85, 0x9f, 0xe2, 0x05, 0x81, 0x44, 0xd5, 0x08, 0xa3, 0x32, 0x01, 0x3c,
    0xb4, 0xd0, 0xf6, 0x57, 0x24, 0x55, 0x08, 0xd1, 0x38, 0x4a, 0xe3, 0x81,
    0x04, 0x35, 0x17, 0x85, 0xb8, 0xc0, 0x73, 0xdc, 0x37, 0x04, 0xb1, 0x03,
    0x8e, 0x6a, 0xb9, 0xd6, 0x45, 0x2f, 0x1e, 0x1b, 0x6a, 0xce, 0xf7, 0x16,
    0xc1, 0x5e, 0x18, 0xfe, 0x48, 0x2f, 0x31, 0xbf, 0x90, 0x86, 0x19, 0x09,
    0xda, 0xd7, 0xd0, 0xea, 0x71, 0xb1, 0xb4, 0x7e, 0x46, 0x66, 0xdb, 0x34,
    0xb4, 0xa2, 0x92, 0x13, 0x2f, 0xeb, 0x45, 0x56, 0x1d, 0xa3, 0xa7, 0xb3,
    0x22, 0x0c, 0x05, 0x9f, 0xff, 0xbf, 0xff, 0xe6, 0x3f, 0x6e, 0x6d, 0x2b,
    0xff, 0xf4, 0xce, 0xf7, 0x40, 0x60, 0x00, 0x00, 0x00, 0x0a, 0xaa, 0x79,
    0xf6, 0xa2, 0xaf, 0xc7, 0xb7, 0xdd, 0xa8, 0xb3, 0xbf, 0x00, 0x00, 0x48,
    0x00, 0xc2, 0xd9,
}};
// Per-channel RMS x 1e6, in the decoder's own order
// (L R).
inline constexpr std::array<std::int32_t, 2> kAc420CompandingRms{{
    13377, 18267
}};

}  // namespace iclforge_probe
